country,rank_display,ind_0,ind_1,ind_2,rank_d_0,rank_d_1,rank_d_2,university
United States,1,91.4,100,100,105,45,12,麻省理工学院
United Kingdom,2,98.5,99.5,100,52,83,5,牛津大学
United States,=3,67,99.8,100,208,73,9,斯坦福大学
United Kingdom,=3,97.7,100,100,64,57,10,剑桥大学
United States,5,70.1,84.2,99.1,196,188,37,哈佛大学
United States,6,87.7,99.4,100,125,89,2,加州理工大学（Caltech)
United Kingdom,7,100,100,99.8,10,47,27,帝国理工学院
Switzerland,=8,98.2,100,80.4,58,22,134,苏黎世联邦理工大学（瑞士联邦理工学院）
United Kingdom,=8,100,99.5,99,12,85,38,伦敦大学学院
United States,10,84.9,71.9,95.5,140,223,57,芝加哥大学
Singapore,11,70.3,100,86.8,194,30,99,新加坡国立大学
Singapore,12,69.6,100,89.5,198,27,91,南洋理工大学
United States,13,58.1,94.1,100,240,145,15,宾夕法尼亚大学
Switzerland,=14,100,100,94.8,9,14,59,洛桑联邦理工学院（EPFL)
United States,=14,69.8,87.9,100,197,177,1,耶鲁大学
United Kingdom,16,99.6,99.3,83.5,34,91,119,爱丁堡大学
China (Mainland),16,26.3,15.3,90.6,461,452,82,清华大学
China (Mainland),18,38.5,45.6,83.5,365,299,120,北京大学
United States,19,98.4,52.7,100,55,276,14,哥伦比亚大学
United States,20,63.2,28.1,68.7,218,374,197,普林斯顿大学
United States,21,66.1,75.6,61.3,209,211,246,康奈尔大学
Hong Kong SAR,22,98.9,100,85.4,48,26,111,香港大学（HKU）
Japan,=23,28.5,3.3,92.4,438,601+,70,东京大学
United States,=23,34.9,63.4,90.2,390,245,85,密歇根大学
United States,25,91.7,55.1,100,102,272,6,约翰霍普金斯大学
Canada,26,94.9,98.6,69.4,87,113,193,多伦多大学
Canada,=27,96.6,92.2,73.3,74,157,171,麦吉尔大学
Australia,=27,98.8,100,44.4,49,39,354,澳大利亚国立大学（ANU)
United Kingdom,=27,99.3,94,72.5,39,146,178,曼彻斯特大学
United States,30,49.6,30,99.3,290,363,35,西北大学
China (Mainland),31,45.5,93.3,91.5,316,150,74,复旦大学
United States,32,55.3,95.4,23.3,261,136,601+,加州大学伯克利分校
Japan,33,22.7,5.4,96,507,601+,55,京都大学
Hong Kong SAR,34,89.2,100,64.8,116,21,223,香港科技大学（HKUST)
United Kingdom,35,100,99.2,83.4,20,94,121,伦敦国王学院
South Korea,36,8.9,4,83.9,601+,601+,117,首尔国立大学
Australia,37,99.9,97.1,19.9,28,121,601+,墨尔本大学
Australia,38,100,100,20.9,13,60,601+,悉尼大学
Hong Kong SAR,39,91.8,100,62.6,101,55,236,香港中文大学
United States,40,26.7,28.9,42.5,453,369,371,加州大学洛杉矶分校
South Korea,41,12,8.5,73.1,601+,539,176,韩国科学技术研究所
United States,42,95.6,14.6,96.6,77,461,54,纽约大学（NYU）
Australia,43,99.8,100,15.2,30,44,601+,新南威尔士大学（UNSW）
France,44,70.5,57.5,99.9,190,262,21, 巴黎科学艺术人文大学
China (Mainland),45,63,98.5,88,221,114,96,浙江大学
Canada,46,79,89.1,52.7,156,173,294,不列颠哥伦比亚大学
Australia,47,100,100,25.4,19,32,576,昆士兰大学（UQ）
United States,48,61.8,39.2,62.6,225,331,235,加州大学圣地亚哥分校
France,=49,98.1,94.3,99.6,61,142,32,巴黎理工学院
United Kingdom,49,100,100,45,5,30,348,伦敦经济政治学院
China (Mainland),=50,36.3,25,55.2,379,387,276,上海交通大学
Germany,=50,91.2,56.9,94.5,106,265,64,慕尼黑工业大学
United States,52,57.4,,100,245,-,13,杜克大学
United States,=53,99.1,34.6,55,44,347,279,卡内基梅隆大学
Hong Kong SAR,=53,99.9,100,89.7,26,16,87,香港城市大学
Netherlands,55,72.9,88.7,33.6,181,175,461,阿姆斯特丹大学
Japan,56,36.2,13.7,87.6,380,473,97,东京工业大学
Netherlands,57,85.9,100,41.8,134,61,378,代尔夫特理工大学
Australia,58,100,100,13.9,16,42,601+,蒙纳士大学
United States,60,54,78.2,83.2,268,203,123,布朗大学
United Kingdom,61,99.4,99,52.1,38,102,300,华威大学
United Kingdom,62,83.6,91.3,67.5,144,163,207,布里斯托大学
Germany,63,54.7,36.6,99.7,264,339,31,鲁普莱希特-卡尔斯-海德堡大学
Germany,64,38,49.1,52.7,368,291,295,路德维希 - 马克西米利安 - 慕尼黑大学
Malaysia,65,42.6,43.6,76.5,333,311,155,马来亚大学（UM）
Hong Kong SAR,66,81.3,100,79.2,151,41,140,香港理工大学
United States,67,15.4,2.1,9.5,601+,601+,601+,德克萨斯大学奥斯汀分校
Taiwan,68,39.2,7,40.8,354,571,385,台湾大学
Argentina,69,71.1,52.8,78.2,186,275,146,布宜诺斯艾利斯大学
Belgium,=70,41.4,90.3,8.1,342,167,601+,鲁汶大学
Switzerland,=70,57.8,100,96.6,242,51,53,苏黎世大学
France,72,54.2,14.5,37.4,266,463,420,索邦大学
United Kingdom,73,97.9,95.8,59.6,63,131,256,格拉斯哥大学
South Korea,74,34,4.3,89.5,391,601+,89,高丽大学
Japan,=75,15.1,7.7,79.1,601+,555,142,大阪大学
United States,=75,27.5,8.1,69.2,445,549,194,威斯康星大学麦迪逊分校
United Kingdom,77,96.9,97.9,59.8,73,117,255,南安普敦大学
Russia,78,87.8,7.3,99.8,124,560,28,罗蒙诺索夫莫斯科国立大学
Denmark,=79,25.9,91.7,100,464,161,16,哥本哈根大学
South Korea,=79,44.1,7.1,89.6,323,568,88,延世大学
South Korea,81,3,16.6,100,601+,429,18,浦项科技大学
United Kingdom,=82,91.5,97.8,35.8,103,118,436,杜伦大学
Japan,=82,16.5,3.6,98.4,593,601+,42,东北大学
United States,=82,58.1,8,9.8,239,552,601+,伊利诺伊大学香槟分校
New Zealand,=85,94.3,99.5,23.7,92,88,599,奥克兰大学
United States,=85,38.8,16,12.2,361,435,601+,华盛顿大学
France,=86,46.5,24.7,99.2,308,388,36,巴黎萨克雷大学
Sweden,87,68.3,92.4,52.6,203,155,296,隆德大学
United States,88,64.1,71.3,6.9,216,226,601+,乔治亚理工学院(Georgia Tech)
Sweden,89,62.7,97,69.8,223,123,191,皇家理工学院
United Kingdom,90,90,91.6,51.9,108,162,301,伯明翰大学
United Kingdom,91,99.7,99.1,67.6,32,97,203,圣安德鲁斯大学
United Kingdom,92,89.4,83.9,44,113,190,357,利兹大学
Australia,93,99.9,100,20.4,25,31,601+,西澳大学（UWA）
United States,94,88.5,89.1,78,121,174,149,赖斯大学
United Kingdom,95,98.1,83.7,66.8,60,191,210,谢菲尔德大学
United States,96,32.6,10,32.5,405,514,478,宾夕法尼亚州立大学
South Korea,97,38.5,7.2,85.4,364,561,110,成均馆大学
China (Mainland),98,6.4,8.4,83.6,601+,540,118,中国科学技术大学
Denmark,99,76.6,100,100,165,62,20,丹麦技术大学
United States,100,11.1,11.8,80.9,601+,490,133,北卡罗来纳大学教堂山
Ireland,101,94.2,99.9,27.7,93,71,544,都柏林三一学院
Norway,102,30,85,85.5,435,187,107,奥斯陆大学
United Kingdom,103,83.6,90.3,43.5,143,168,359,诺丁汉大学
Finland,104,6.2,56.5,68.5,601+,267,199,赫尔辛基大学
Mexico,=105,3.5,2.9,49.9,601+,601+,308,墨西哥国立自治大学
Switzerland,=105,97.3,100,47.4,68,36,332,日内瓦大学
United States,107,68.6,79,99.9,200,201,24,华盛顿大学在圣路易斯
Australia,108,99.7,100,21.9,33,69,601+,阿德莱德大学
United States,=108,64.8,76.4,30.7,212,211,517,加州大学戴维斯分校
Saudi Arabia,109,56.3,99.5,68.9,253,84,196,阿卜杜勒·阿齐兹国王大学（KAU）
Netherlands,110,24.4,45.5,37.4,482,300,419,乌得勒支大学
Canada,111,53.2,88.3,74.1,270,176,167,蒙特利尔大学
Finland,=112,37.5,96,47.7,370,130,327,阿尔托大学
United States,=112,87.6,14.4,41,127,466,382,波士顿大学
Netherlands,=112,47.3,78.1,24.1,301,204,593,莱顿大学
United States,=112,81.7,23.4,37.1,148,395,424,南加州大学
United States,116,50.6,55.8,14.8,287,270,601+,普渡大学
United Kingdom,117,99.5,99.8,51.5,36,76,303,伦敦大学皇后玛丽学院（QMUL）
Japan,118,20.5,5.1,92,537,601+,71,名古屋大学
Switzerland,119,44,100,67.5,325,43,206,伯尔尼大学
United States,120,23.2,76.9,58.7,501,209,261,俄亥俄州立大学
Sweden,=121,72.4,100,70.2,184,49,189,查尔姆斯理工大学
Brazil,=121,3,2.4,18.8,601+,601+,601+,圣保罗大学
Netherlands,123,78.5,35.7,97.9,159,342,47,瓦赫宁根大学
Sweden,124,60.4,86.3,38.9,230,183,406,乌普萨拉大学
Netherlands,125,44.1,100,54.3,322,54,283,埃因霍芬理工大学
Canada,126,81.4,90,48.2,150,170,326,阿尔伯塔大学
Germany,127,46.5,50.5,3.5,309,287,601+,柏林自由大学
Germany,=128,33,39.8,9.2,403,328,601+,柏林洪堡大学
Netherlands,=128,86.2,92.6,62.2,132,154,239,格罗宁根大学
France,130,18.5,51.8,97.2,559,279,50,里昂高等师范学院
China (Mainland),131,9.2,52,30.1,601+,278,511,南京大学
United Kingdom,132,97.1,94.6,39.2,72,140,402,兰卡斯特大学
Australia,133,95.2,98.6,8.9,80,111,601+,悉尼科技大学（UTS）
United Kingdom,134,85.8,92.2,43.3,135,156,364,纽卡斯尔大学
Chile,135,3.8,6.5,22.4,601+,585,601+,智利天主教大学
Germany,136,67.7,58.9,30.5,206,256,506,卡尔斯鲁厄理工学院
Japan,137,18.9,4.4,86.2,558,601+,104,九州大学
Switzerland,=138,86.7,100,49.7,130,28,312,巴塞尔大学
Canada,140,55.3,99.5,86.5,259,86,102,麦克马斯特大学
Belgium,141,21.1,61.7,84.8,527,251,115,根特大学
Italy,142,55.2,40.9,5.1,262,322,601+,米兰理工大学
Malaysia,143,87,32.9,73.9,128,352,169,马来西亚博特拉大学（UPM）
Malaysia,144,28.4,20.5,94.6,441,411,63,马来西亚国民大学（UKM）
Japan,145,16.9,8.1,79.2,565,544,141,北海道大学
United States,146,37.2,44.1,10.7,373,309,601+,加州大学圣芭芭拉分校
Malaysia,147,60.6,16,69.6,229,445,192,马来西亚理科大学（USM）
Sweden,148,63.1,87.5,27.3,219,178,551,斯德哥尔摩大学
United Kingdom,=149,82.9,94.2,37.3,145,143,421,埃克塞特大学
Canada,=149,83.8,74.7,7.5,141,213,601+,滑铁卢大学
United Kingdom,=151,79.4,81.6,48.6,155,196,321,卡迪夫大学
Austria,=151,89.9,98.8,22.6,109,104,601+,维也纳大学
United Kingdom,=151,74,91.8,54.4,177,160,282,约克大学
United States,154,95.3,57,99.8,79,264,25,罗切斯特大学
Denmark,155,15.8,83.9,32.6,601+,189,475,奥胡斯大学
South Korea,156,31.7,8.9,80.1,414,533,137,汉阳大学
United States,157,23.6,50.5,13.5,495,286,601+,密歇根州立大学
United States,158,21.9,13.2,43,517,481,368,马里兰大学，学院公园
Germany,159,80.3,23.6,43.3,154,393,363,柏林工业大学
United States,160,38.1,30.5,99.4,367,361,34,埃默里大学
United States,=161,74.1,41.3,86.3,176,321,103,凯斯西储大学
Mexico,=161,8.9,73.6,81.5,601+,216,129,蒙特雷科技大学
Saudi Arabia,=163,16.5,100,85.9,589,25,106,法赫德法国石油和矿物大学（KFUPM）
United States,=163,14.6,2.6,97.5,601+,601+,48,匹兹堡大学
Germany,165,75.6,21.9,6.5,171,400,601+,亚琛工业大学
Italy,=166,10.3,4.7,3.8,601+,601+,601+,博洛尼亚大学
United Kingdom,=166,89.5,98.7,22.4,112,109,601+,巴斯大学
United States,=168,15.6,11,6,601+,500,601+,德州农工大学
Spain,=168,32.2,3.9,16.1,410,601+,601+,巴塞罗那大学
Canada,170,60.4,99.4,5.5,231,90,601+,韦仕敦大学（西安大略大学）
Italy,171,10,1.4,4.2,601+,601+,601+,萨皮恩扎 - 罗马大学
Germany,172,43.1,48.9,34.1,329,292,459,弗莱堡大学
Ireland,=173,76,99.2,25.9,169,96,568,都柏林大学
United States,=173,12.5,6.2,76.4,601+,590,157,佛罗里达大学
Kazakhstan,175,24.4,13.4,97.2,483,477,51,哈拉克国立大学
Switzerland,176,61.7,99.8,52.4,226,77,298,洛桑大学
Germany,=177,24,43.8,94.6,488,310,61,蒂宾根大学
India,=177,1.6,1.5,32.5,601+,601+,477,印度理工学院孟买分校
Netherlands,179,53.7,81.9,35,269,195,444,鹿特丹伊拉斯谟大学
Taiwan,=180,20.4,7.2,37.8,542,562,414,国立清华大学
Austria,=180,82.8,70.5,11.5,146,229,601+,维也纳技术大学
Sweden,=180,63.1,73.5,71.7,220,218,180,哥德堡大学
United Arab Emirates,=183,59.7,100,91.3,235,9,76,哈利法大学
Chile,=183,4.9,2.8,12.2,601+,601+,601+,智利大学
India,185,1.7,1.2,30.9,601+,601+,499,印度理工学院德里分校
India,=186,1.8,1.2,48.8,601+,601+,318,印度科学研究所班加罗尔
United States,=186,14.8,2.3,30.6,601+,601+,504,明尼苏达大学
Belgium,188,42,89.8,6.7,336,171,601+,法语天主教鲁汶大学
United Kingdom,=189,94.9,86.8,44.8,85,180,349,利物浦大学
Netherlands,=189,89.1,98.8,37.1,118,106,425,特温特大学
United States,=191,32.5,1.7,71.8,406,601+,179,达特茅斯学院
Malaysia,=191,68.3,6.5,55.2,202,583,277,马来西亚工艺大学（UTM）
Australia,193,76.4,90.8,20.1,167,164,601+,伍伦贡大学
Australia,=194,46,100,15.2,314,38,601+,科廷大学
Germany,=194,37.1,25.2,86.6,375,386,101,德累斯顿工业大学
New Zealand,=194,47.4,100,16,300,35,601+,奥塔哥大学
Australia,197,30.5,100,32.9,426,66,470,纽卡斯尔大学
Israel,198,9.4,51.8,84.5,601+,280,116,希伯来大学
Norway,199,8.5,85.5,78.1,601+,185,147,卑尔根大学
Australia,200,95.2,98.8,16.3,82,107,601+,麦考瑞大学
Japan,201,13.2,3.6,62.8,601+,601+,234,庆应义塾大学
United Kingdom,202,87.7,93.8,23.8,126,148,597,雷丁大学
Japan,203,37.2,13.5,30.8,372,476,515,早稻田大学
Germany,204,23.1,33.2,65.1,503,350,219,乔治奥古斯特哥廷根大学
United Kingdom,205,99.2,94.9,31.4,41,139,492,阿伯丁大学
Australia,206,95,100,8.3,83,34,601+,皇家墨尔本理工大学
Spain,=207,11.7,2.6,40.9,601+,601+,383,马德里自治大学
Belgium,=207,89.4,94.5,5,115,141,601+,布鲁塞尔自由大学
Spain,=209,23.2,8,13.6,499,551,601+,巴塞罗那自治大学
Netherlands,=209,30.9,37.5,37.3,424,334,422,阿姆斯特丹自由大学
China (Mainland),211,37.1,70.4,24.5,374,230,587,同济大学
South Korea,212,13.1,35.4,76.1,601+,343,159,蔚山国立科学技术院
Australia,213,43.3,98.3,8.7,327,116,601+,昆士兰科技大学（QUT）
Germany,214,22.3,27.5,20.4,511,377,601+,汉堡大学
Thailand,215,3,2.6,31.9,601+,601+,484,朱拉隆功大学
United States,=216,39.2,58.4,9.1,355,258,601+,亚利桑那州立大学
United Kingdom,=216,97.4,100,42.5,66,68,369,贝尔法斯特女王大学
United States,218,35.9,14.1,100,384,469,3,范德比尔特大学
Brazil,219,3.5,2.6,13,601+,601+,601+,金边大学
Netherlands,220,22.2,44.3,34.3,516,308,455,雷德布德大学奈梅亨
Belgium,221,62.7,90.2,82.9,222,169,125,布鲁塞尔大学
United States,222,20.3,10.4,66.5,543,505,213,圣母大学
Spain,223,20.8,1.3,21.5,533,601+,601+,马德里康普顿斯大学（UCM）
Qatar,224,94.6,100,70.3,90,16,188,卡塔尔大学
China (Mainland),225,8.1,26.5,15.4,601+,382,601+,武汉大学
Germany,=226,30.3,32.6,56.2,433,355,272,波恩大学
South Africa,=226,31.7,50.7,19.9,413,285,601+,开普敦大学
United Kingdom,=226,94.6,97,16.3,89,124,601+,苏塞克斯大学
United States,=226,13.9,2.4,60.9,601+,601+,250,弗吉尼亚大学
Canada,230,67.8,90.5,4.9,205,166,601+,渥太华大学
United Kingdom,231,75.8,83.1,26,170,193,567,拉夫堡大学
United States,232,74.9,51.3,11.6,172,282,601+,加州大学欧文分校
Netherlands,=233,100,98.8,18.4,15,103,601+,马斯特里赫特大学
Belgium,=233,37,77.4,65.1,377,206,220,安特卫普大学
Canada,235,56.3,79,25.4,252,199,575,卡尔加里大学
China (Mainland),=236,8.5,2.8,48.2,601+,601+,325,哈尔滨工业大学
Colombia,=236,1.6,11,22.3,601+,501,601+,洛斯安第斯哥伦比亚大学
United Kingdom,=236,91.5,80.6,44.6,104,198,352,莱斯特大学
New Zealand,=236,52.4,99.8,11,277,78,601+,惠灵顿维多利亚大学
Canada,=240,33.7,63.6,6.9,396,244,601+,女王大学
Switzerland,=240,100,100,86.6,8,20,100,提契诺大学
Lebanon,=242,56.7,78.6,62,250,202,242,贝鲁特美国大学（AUB）
Russia,=242,49.4,2,77.3,293,601+,150,圣彼得堡国立大学
Italy,=242,6.4,3.3,9.9,601+,601+,601+,帕多瓦大学（UNIPD）
France,245,98.4,15.7,95.9,54,447,56,国立路桥学校
Russia,=246,57.9,2.3,92.9,241,601+,69,新西伯利亚州立大学
United States,=246,26.6,37.6,14.8,454,333,601+,马萨诸塞大学，阿默斯特
United States,=248,51.5,5.6,65.5,283,601+,217,乔治城大学
Spain,=248,23.5,57.8,10.8,496,260,601+,庞培法布拉大学
Brunei,250,65.6,100,96.8,210,46,52,文莱达鲁萨兰国大学
United States,251,9.1,7.7,36.9,601+,556,431,科罗拉多大学博尔德分校
Taiwan,=252,24.2,7.2,39.4,485,563,401,国立成功大学
United States,=252,14.1,,93.4,601+,-,66,耶什华大学
Indonesia,254,2.3,21.3,65.4,601+,406,218,加札马达大学
India,=255,1.6,1.2,32.3,601+,601+,480,印度理工学院马德拉斯分校
Thailand,=255,5.4,2.3,75.4,601+,601+,163,玛希隆大学
Israel,=255,6.4,15.1,5,601+,457,601+,特拉维夫大学
Ireland,=258,58.7,90.6,69.2,238,165,195,爱尔兰国立高威大学
Colombia,=258,1.4,2.4,7.5,601+,601+,601+,哥伦比亚国立大学
New Zealand,258,51.4,99.6,9.7,284,82,601+,坎特伯雷大学
China (Mainland),260,5.9,2.2,61.9,601+,601+,243,中山大学
France,=261,99.2,37,91.5,42,338,75,巴黎政治学院
France,=261,33.3,6.6,15.5,398,582,601+,巴黎大学
South Korea,=264,51.9,4.2,85.5,281,601+,108,庆熙大学
United States,=264,41.5,9.4,53.5,341,526,289,罗格斯大学 - 新泽西州立大学新不伦瑞克分校
Czech Republic,=266,49.2,8.6,49.9,294,538,309,布拉格查理大学
Spain,=266,72.6,9.9,56.3,182,517,270,纳瓦拉大学
Taiwan,=268,12.6,7.1,46.8,601+,567,335,国立阳明交通大学
United States,=268,14.3,9,61.4,601+,531,245,亚利桑那大学
Germany,=269,70.8,40.7,5.8,187,325,601+,达姆施塔特技术大学
China (Mainland),=270,26.7,4.2,30.7,452,601+,517,北京师范大学
United Kingdom,=270,95.2,100,23.6,81,59,601+,赫里瓦特大学
Canada,=272,81.3,100,16.9,152,56,601+,戴尔豪斯大学
Russia,=272,93.8,9.5,99.8,96,522,30,托木斯克州立大学
United Kingdom,=272,94.3,98.3,19.9,91,115,601+,萨里大学
China (Mainland),=275,2.1,30.7,98.5,601+,364,41,南方科技大学
United States,=275,35.7,16.8,73.9,385,424,168,塔夫茨大学
Austria,=277,57.5,68,98.3,244,235,43,格拉茨大学
India,=277,1.2,1.3,18.3,601+,601+,601+,印度理工学院坎普尔分校
Saudi Arabia,=277,16,96.3,58.8,581,127,260,沙特国王大学（KSU）
India,280,1.1,1.5,16.7,601+,601+,601+,印度理工学院克勒格布尔分校
Russia,=281,20.5,7,100,538,572,16,鲍曼莫斯科国立技术大学
Austria,=281,99.8,100,71,31,70,185,因斯布鲁克大学
Australia,283,72.4,98.7,4.4,185,110,601+,迪肯大学
New Zealand,284,99.2,99.1,33.6,40,99,462,梅西大学
United States,=285,20,3.4,37.8,547,601+,417,伊利诺伊大学芝加哥分校
Japan,=285,28.4,5.6,68.5,440,601+,200,筑波大学
Hong Kong SAR,287,99.6,96.2,44.3,35,128,355,香港浸会大学
United Arab Emirates,=288,40.1,100,67.5,351,13,205,阿联酋大学
Australia,=290,41.6,99.8,9.4,340,74,601+,格里菲斯大学
Russia,=290,47.1,16.6,97.9,302,438,45,物理莫斯科与技术研究所州立大学
Indonesia,=290,3.5,74.7,39.1,601+,212,403,印度尼西亚大学
France,=290,52.9,21.4,5.3,273,404,601+,巴黎第一大学
China (Mainland),=290,5.6,2.5,25.4,601+,601+,577,西安交通大学
Belarus,=295,43,1.4,98,331,601+,44,白俄罗斯州立大学
Portugal,=295,24.1,2.1,14.6,487,601+,601+,波尔图大学
Finland,=295,5.1,11.8,61.1,601+,491,248,图尔库大学
Canada,=298,89.8,94.2,5.3,110,144,601+,西蒙弗雷泽大学
Ireland,=298,46.9,95.4,44,304,135,358,考克大学
United States,=300,16.5,51.5,14.3,592,281,601+,北卡罗来纳州立大学
Estonia,=300,24.9,16.5,88.3,476,430,95,塔尔图大学
United Kingdom,302,78.3,93.3,20.4,163,151,601+,斯特拉斯克莱德大学
Indonesia,=303,3.4,16.7,57.8,601+,425,264,万隆理工学院
Australia,=303,98.4,68.1,18.7,53,234,601+,斯马尼亚大学
South Korea,=305,7.6,5.7,36.4,601+,599,432,光州科技学院（GIST）
Russia,=305,16.5,2.3,94.1,590,601+,65,俄罗斯国家研究型高等经济大学（HSE）
United Kingdom,307,59.9,59.1,19.5,234,255,601+,东英吉利大学（UEA）
Poland,308,10,2.7,39.6,601+,601+,396,华沙大学
Poland,=309,11.7,1.7,60.8,601+,601+,251,雅盖隆大学
Denmark,=309,28.2,77.8,39.4,443,205,399,丹麦南部大学
United States,=311,12.4,26.5,33,601+,381,467,印第安纳大学伯明顿分校
Germany,=311,33.3,46.6,28.6,399,294,532,科隆大学
United States,=311,36,16.5,62.5,383,439,237,迈阿密大学
Taiwan,=314,40.3,13.8,56.1,349,472,273,台湾科技大学
France,=314,38.8,11.5,9.5,362,495,601+,格勒诺布尔阿尔卑斯大学（UGA）
Italy,316,7.7,2.9,6.2,601+,601+,601+,米兰大学
Spain,=317,100,94,76.4,3,147,156,IE大学
Russia,=317,93.2,3.5,91.7,99,601+,72,俄罗斯人民友谊大学
Russia,=319,89.2,37.2,99,117,335,39,国立核研究院“MEPhI”
Spain,=319,26.9,4.2,53.5,450,601+,288,加泰罗尼亚理工大学
Australia,321,85.1,98.6,15.3,138,112,601+,斯温本科技大学
United Kingdom,=322,64.6,97,47,213,122,334,邓迪大学
Germany,=322,26.4,10.2,2.2,460,513,601+,埃尔朗根-纽伦堡大学
Argentina,=322,7.4,1.2,99.6,601+,601+,33,阿根廷天主教大学（UCA）
Macau SAR,=322,97.1,100,18.7,71,18,601+,澳门大学
Denmark,=326,30.3,64.9,42.4,432,240,372,奥尔堡大学
Australia,=326,70.4,100,20.6,192,58,601+,南澳大学（UniSA）
Kazakhstan,328,7.3,21.9,98.6,601+,402,40,国立欧亚大学 (ENU) 
Sweden,329,26.5,53.6,30.8,458,274,513,林雪平大学
United Kingdom,=330,99.9,97,10.2,27,125,601+,伦敦大学城市学院
Israel,=330,4.2,61.7,27.4,601+,252,550,以色列理工学院
United Kingdom,=332,98.2,98.7,15.1,57,108,601+,伦敦的伯克贝克学院，大学
Malaysia,=332,94.8,36.5,48.6,88,340,322,泰莱大学
China (Mainland),=334,5,2,13.2,601+,601+,601+,华中科技大学
Taiwan,=334,28.3,4.1,73.2,442,601+,172,台湾师范大学
Italy,=334,40.5,1.5,2.6,348,601+,601+,都灵理工大学
United Kingdom,=334,93.6,96.5,20.1,98,126,601+,伦敦皇家霍洛威大学
China (Mainland),=334,12.3,3.4,27,601+,601+,553,天津大学
Canada,=334,76.3,92.9,3.3,168,152,601+,维多利亚大学
Germany,=340,30.5,,22.4,425,-,601+,法兰克福大学
United States,=340,16.2,40.9,54.1,577,323,285,夏威夷大学马诺亚分校
United States,342,94.9,68.2,22.7,86,233,601+,东北大学
Japan,343,16.8,4.2,89.9,572,601+,86,广岛大学
Brunei,=344,9,99.7,93.4,601+,81,67,文莱理工大学
Germany,=344,25,,99.9,474,-,23,耶拿大学
United States,346,24.5,56,24.6,480,269,586,弗吉尼亚理工学院（Virginia Tech）
Russia,=347,86.3,3.6,88.4,131,601+,94,喀山联邦大学
Malaysia,=347,76.8,42.5,61,164,316,249,UCSI大学
United States,=347,16.8,52.6,7.5,570,277,601+,加州大学圣克鲁兹分校
Germany,=347,46.2,25.5,5.1,310,384,601+,斯图加特大学
United Kingdom,=351,97.9,99.8,11.7,62,75,601+,布鲁内尔大学
Spain,=351,20.2,16,54.8,544,444,280,马德里大学卡洛斯三世大学
Russia,=351,38.7,3.5,94.6,363,601+,62,乌拉尔联邦大学
Austria,354,26.6,76.9,75.2,455,208,164,林茨大学
United States,355,46,20.8,34.3,313,408,456,乔治华盛顿大学
Netherlands,=356,50,93.3,13.6,288,149,601+,蒂尔堡大学
Portugal,=356,41.2,2.8,13.3,344,601+,601+,里斯本大学
China (Mainland),=358,5.3,5.7,31.9,601+,601+,485,南开大学
Pakistan,=358,5.2,1.3,78.1,601+,601+,148,国立科技大学（NUST）伊斯兰堡
Finland,=358,3.4,21.9,87.2,601+,401,98,于韦斯屈莱大学
United States,=358,10.1,8.9,64.9,601+,532,222,犹他大学
South Korea,=362,21.2,2.3,81.1,526,601+,131,梨花女子大学
Australia,=362,97.5,95.3,6.4,65,137,601+,乐卓博大学
Russia,=362,54.2,5.6,100,267,601+,19,莫斯科国际关系研究所
Russia,=365,57.6,13.6,94.7,243,474,60,ITMO大学
Sweden,=365,11.2,11.6,79.3,601+,494,139,乌梅大学
Germany,=365,22.3,26.9,82.9,512,380,126,乌尔姆大学
Oman,368,3.9,100,76.9,601+,53,153,苏丹卡布斯大学
Norway,=369,10.5,63.8,26.9,601+,243,554,挪威科技大学
Brazil,=369,1.8,3.1,16.9,601+,601+,601+,里约热内卢联邦大学
Spain,371,21.2,2.2,72.8,525,601+,177,瓦伦西亚政治大学
New Zealand,372,99.1,99.2,47.6,43,95,328,林肯大学
China (Mainland),=373,5,1.4,33.7,601+,601+,460,北京理工大学
Czech Republic,=373,57.4,6.9,99.8,246,575,26,布拉格化学技术研究所
United States,=373,31.1,44.9,15.3,423,302,601+,康涅狄格大学
New Zealand,=373,76.5,99.2,11.1,166,93,601+,怀卡托大学
Finland,377,6.8,40.1,31.5,601+,327,489,奥卢大学
Germany,=378,11.6,30.1,4.4,601+,362,601+,维多利亚州立大学
Pakistan,=378,1.4,1.3,2.1,601+,601+,601+,奎德阿萨姆大学
United States,=378,70.8,31.7,34.6,188,359,451,石溪大学
"Iran, Islamic Republic of",=381,2.7,2.5,9.8,601+,601+,601+,谢里夫理工大学
Japan,=381,16.2,1.3,100,580,601+,7,东京医科齿科大学
United Arab Emirates,=383,100,100,28.4,7,3,535,美国沙迦大学
China (Mainland),=383,5.8,2.7,25.7,601+,601+,571,北京航空航天大学
United Kingdom,=383,56.1,98.8,21.6,254,105,601+,肯特大学
Japan,386,10.1,2.5,59,601+,601+,259,神户大学
United States,387,11,39.5,78.6,601+,329,145,堪萨斯大学
United States,=388,31.2,73.9,6.9,421,214,601+,纽约州立大学布法罗分校
Italy,=388,4.9,2,7.8,601+,601+,601+,比萨大学
Italy,390,4,1.9,99.3,601+,601+,36,维多利亚大学圣拉斐尔大学
United Kingdom,=391,100,100,30.4,21,48,507,SOAS伦敦大学东方与非洲研究学院
Argentina,=391,97.1,14.1,89.3,70,468,92,巴勒莫大学
Russia,=393,88.5,5.9,83.2,120,595,122,圣彼得堡国立政治大学
Germany,=393,31.6,11.8,2,417,492,601+,鲁尔大学波鸿
India,=395,1.3,1.4,12,601+,601+,601+,印度理工学院古瓦哈提分校
Russia,=395,85.6,3.8,89.1,136,601+,93,托木斯克理工大学
Peru,=395,1.7,1.6,25.6,601+,601+,572,秘鲁天主大学
Pakistan,398,,,93.1,-,-,68,巴基斯坦工程与应用科学研究所（PIEAS）
Philippines,399,1.4,1.1,48.3,601+,601+,323,菲律宾大学
India,=400,2.6,1,10.3,601+,601+,601+,印度理工学院鲁尔基分校
Argentina,=400,9.7,1.2,85,601+,601+,113,奥斯特拉尔大学
Lithuania,=400,9.3,3.6,80.3,601+,601+,135,维尔纽斯大学
Czech Republic,=403,49.5,10.3,60.5,292,510,254,捷克技术大学在布拉格
China (Mainland),=403,3.9,3.1,20.8,601+,601+,601+,山东大学
United States,=403,10.7,81.2,9.7,601+,197,601+,加州大学河滨分校
Australia,=407,94.2,99.1,5.9,94,98,601+,佛林德斯大学
China (Mainland),=407,4.3,3.4,16.3,601+,601+,601+,华南理工大学
Taiwan,=407,16.7,6.4,90.3,585,586,84,台北医科大学
China (Mainland),=407,4,2,23.5,601+,601+,601+,厦门大学
Germany,411,7.6,13.1,37,601+,482,427,威廉姆斯大学明斯特
Taiwan,=412,14.1,9.4,34.7,601+,524,449,国立中山大学
Colombia,=412,1.9,1.9,16.1,601+,601+,601+,哈韦里亚纳主教大学
South Korea,=414,32.1,4.8,73.2,411,601+,174,中央大学
Finland,=414,15.4,16.4,16.1,601+,431,601+,拉彭兰塔理工大学
Finland,=414,7.6,20.1,26.4,601+,414,563,坦佩雷大学
Malaysia,=414,22.8,72.6,28.5,505,221,533,国油大学（Petronas）
United States,=414,10.6,1.5,100,601+,601+,4,科罗拉多大学丹佛分校
China (Mainland),=414,3.5,1.5,12.8,601+,601+,601+,北京科技大学
Canada,=414,31.2,56.7,31.7,422,266,486,拉瓦尔大学
Greece,=421,7.1,1,6.1,601+,601+,601+,雅典国立科技大学
France,=421,39.3,21.4,5.5,353,405,601+,斯特拉斯堡大学
Germany,423,24.1,15.6,2.2,486,448,601+,曼海姆大学
Australia,=424,33.8,64.7,9.5,395,241,601+,詹姆斯库克大学（JCU）
Italy,=424,1.1,1.2,5.1,601+,601+,601+,那不勒斯腓特烈二世大学
South Africa,=424,9.5,76.1,12.4,601+,210,601+,威特沃特斯兰德大学
Germany,=427,19.6,15.2,54.5,551,453,281,美因茨大学
United States,=427,7.3,49.4,15.1,601+,289,601+,华盛顿州立大学
United Kingdom,=429,65.4,55.4,13.9,211,271,601+,牛津布鲁克斯大学
United States,=429,14.8,2,100,601+,601+,11,维克森林大学
United States,=431,6.6,10,59.4,601+,515,257,科罗拉多州立大学
United States,=431,57,1.8,26.7,248,601+,557,伦斯勒理工学院
Portugal,=431,57,8.3,25.1,249,542,581,新里斯本大学
Brazil,=434,1.7,1.9,97.4,601+,601+,49,圣保罗联邦大学（UNIFESP）
South Africa,=434,55.9,92.1,40.7,255,158,386,约翰内斯堡大学
China (Mainland),=436,7.4,37.1,50.5,601+,336,306,上海大学
United States,=436,16.5,5.3,90.3,591,601+,83,杜兰大学
Australia,=436,85.1,99.7,3.2,139,79,601+,堪培拉大学
United Kingdom,439,98.9,100,11.6,47,64,601+,埃克塞斯大学
United Kingdom,=440,53.1,65.2,32.3,271,239,479,斯旺西大学
Cyprus,=440,24.3,72.7,5.5,484,220,601+,塞浦路斯大学
Italy,=440,5.9,13.3,16.6,601+,478,601+,特伦托大学
Norway,=440,9,63.3,75.4,601+,246,162,特罗姆瑟大学
United States,444,98.7,10.3,14.2,50,507,601+,伊利诺伊理工学院
South Korea,=445,39.5,16.1,79,352,441,143,韩国外国语大学
Egypt,=445,3.7,92,37.8,601+,159,415,开罗美国大学
Saudi Arabia,=447,20.1,100,62.5,546,65,238,乌尔库拉大学（UQU）
Germany,=447,16.9,,61.1,567,-,247,莱比锡大学
Germany,=447,42.5,1.9,82.5,334,601+,128,萨尔大学
Italy,450,7.8,,1.5,601+,-,601+,米兰 - 比卡卡大学
New Zealand,=451,100,100,11.9,24,52,601+,奥克兰理工大学
Australia,=451,99,99,46.3,46,100,337,邦德大学
China (Mainland),=451,6.1,3.2,18.9,601+,601+,601+,四川大学
Italy,=451,19.9,2.7,6,550,601+,601+,佛罗伦萨大学
United States,=455,81.5,10.6,52.1,149,503,299,布兰迪斯大学
Portugal,=455,48.8,3.6,16.8,296,601+,601+,科英布拉大学
United States,=455,9.1,7,46.1,601+,573,338,University of Iowa
Canada,458,52.4,67.8,26.7,278,236,558,萨斯喀彻温大学
Spain,=459,35.6,1.4,19.3,386,601+,601+,马德里理工大学
Switzerland,=459,78.5,100,6.3,160,50,601+,圣加仑大学（HSG）
United States,=461,15.1,9.1,28.4,601+,530,536,科罗拉多矿业学院
Russia,=461,67.9,6.3,90.6,204,587,81,远东联邦大学
United Kingdom,=461,97.3,85,18.3,69,186,601+,伦敦大学金史密斯学院
Germany,=461,11.2,,85,601+,-,112,哈勒-维滕贝格大学
Indonesia,=465,2.2,2.9,44,601+,601+,356,艾尔朗加大学
"Iran, Islamic Republic of",=465,2.3,6.7,4.8,601+,579,601+,阿米尔卡比尔技术大学
China (Mainland),=465,4.3,2.7,33.6,601+,601+,463,东南大学
Argentina,=465,30,2.1,91,430,601+,79,贝尔格拉诺大学
Taiwan,=469,25,10.4,32.9,473,506,468,国立台北理工大学
Uruguay,=469,3.8,11.9,80.9,601+,488,132,蒙得维的亚大学
Israel,=471,18.3,56.3,13.9,561,268,601+,本·古里安大学
Belgium,=471,24.8,49.8,76,477,288,160,哈瑟尔特大学
Uruguay,=471,2,8.6,89.5,601+,537,90,乌拉圭大学
United Kingdom,=471,73.2,63.3,16.2,180,247,601+,斯特灵大学
United States,475,4.5,5.7,9.8,601+,600,601+,佛罗里达州立大学
United States,476,5.6,41.7,46.1,601+,320,340,密苏里大学
Israel,=477,6.7,40.3,7.7,601+,326,601+,巴伊兰大学
Japan,=477,6,2.2,73.2,601+,601+,173,千叶大学
United States,=477,46.1,2.6,4.8,312,601+,601+,德克萨斯大学达拉斯分校
Taiwan,=480,6.2,1.5,65.6,601+,601+,216,长庚大学
Belgium,=480,52.8,33.6,19,274,349,601+,列日大学
Kazakhstan,=482,20.7,5.5,90.8,534,601+,80,南哈萨克斯坦国立大学（SKSU）
South Africa,=482,9.7,8.9,3.6,601+,534,601+,斯泰伦博斯大学
South Korea,=482,4.3,1.2,97.9,601+,601+,46,韩国加图立大学
United Kingdom,=485,31.4,97.4,12,418,120,601+,阿斯顿大学
Italy,=485,10.8,2.3,3.5,601+,601+,601+,都灵大学（UNITO）
Russia,=487,63.3,4.6,70.6,217,601+,187,国立科技大学“MISIS”
Chile,=487,2.5,2.3,8.8,601+,601+,601+,智利圣地亚哥大学
Japan,=487,2.4,1.5,99.8,601+,601+,30,横滨市立大学
Ireland,=490,25.8,70.7,30.7,466,227,503,都柏林城市大学
Germany,=490,11.6,5.2,1.5,601+,601+,601+,吉森大学
Brazil,=492,4,1.9,25.3,601+,601+,578,圣保罗州立大学
Spain,=492,18.4,1.5,7.3,560,601+,601+,格拉纳达大学
Australia,=494,50.8,100,5.7,286,40,601+,西悉尼大学
United States,=494,18.1,4.9,30.8,564,601+,514,波士顿学院
Germany,=494,10.8,,51.2,601+,-,304,基尔大学（德国）
South Korea,=494,21.2,3.6,82.8,524,601+,127,东国大学
United States,=494,12.4,2.5,10.1,601+,601+,601+,爱荷华州立大学
South Korea,=494,30.2,2.8,47.2,427,601+,333,西江大学
Italy,=494,28.9,2.1,6,436,601+,601+,罗马第二大学
Canada,=494,81.9,24.2,8.1,147,390,601+,约克大学
France,501-510,23,7.9,9.9,504,553,601+,马赛大学
China (Mainland),501-510,2.5,4.7,44.6,601+,601+,353,吉林大学
Kazakhstan,501-510,1.9,2.4,75.6,601+,601+,161,哈萨克斯坦国家技术大学
Cuba,501-510,4.9,1.2,64.9,601+,601+,221,哈瓦那大学
France,501-510,23.6,18.6,26.6,494,419,560,波尔多大学
India,501-510,1.8,1.1,5.5,601+,601+,601+,德里大学
Austria,501-510,78.4,92.9,52.9,162,153,292,阿尔卑斯 - 亚德里亚安大学克拉根福
Ireland,501-510,26.4,89.7,15.7,459,172,601+,利默里克大学
Germany,501-510,16.2,61.4,32,578,253,483,康斯坦茨大学
Poland,501-510,11.3,1.2,31,601+,601+,497,华沙工业大学
Indonesia,511-520,3.3,43.3,55.1,601+,313,278,茂物农业大学
Turkey,511-520,6.5,16.2,39.5,601+,433,398,科什大学
United States,511-520,11.2,73.1,7.7,601+,219,601+,密苏里科技大学
Singapore,511-520,67.2,100,15.1,207,37,601+,新加坡管理大学
Spain,511-520,72.5,6.3,66.8,183,588,209,阿尔卡拉大学
Malaysia,511-520,73.6,6.6,43.5,178,581,360,马来西亚北方大学
Lebanon,511-520,23.3,5.4,91.1,498,601+,78,巴拉曼大学
Ukraine,511-520,64.1,1.1,66.7,215,601+,211,V.N.卡拉津哈尔科夫国立大学
United States,511-520,7.3,5.2,74.5,601+,601+,165,韦恩州立大学
China (Mainland),521-530,3.2,2.5,6.3,601+,601+,601+,中南大学
China (Mainland),521-530,3.4,1.1,61.4,601+,601+,244,中国地质大学
Canada,521-530,92.6,72.2,3.5,100,222,601+,康考迪亚大学
Saudi Arabia,521-530,3.1,95.7,77.2,601+,132,152,达曼大学
Taiwan,521-530,14.9,5,30.5,601+,601+,505,国立中央大学
Cuba,521-530,1.9,1,99.9,601+,601+,22,拉斯维亚斯马尔塔·阿布瑞尤中央大学
Germany,521-530,21.4,31.8,38.7,521,358,408,拜罗伊特大学
Finland,521-530,6.3,13.3,42.5,601+,479,370,东芬兰大学
"Iran, Islamic Republic of",521-530,2.1,1.2,3.9,601+,601+,601+,德黑兰大学
France,521-530,31.6,8.1,9.9,416,546,601+,蒙彼利埃大学
South Korea,531-540,16.2,2.1,64.1,596,601+,231,亚洲大学
China (Mainland),531-540,24.7,45.5,30,478,301,512,华东师范大学
Japan,531-540,22.8,9.2,28.7,506,529,531,一桥大学
France,531-540,81.2,15.3,39.6,153,451,397,国立科学院院校里昂（INSA）
United States,531-540,43,15.1,35.8,332,456,438,理海大学
Japan,531-540,5.4,2.3,86.2,601+,601+,105,长崎大学
Russia,531-540,16.4,1.4,95,574,601+,58,车尔尼雪夫斯基的萨拉托夫州立大学
United States,531-540,18.2,7.3,28,563,559,541,俄勒冈州立大学
Lebanon,531-540,19.2,86,49,555,184,315,圣约瑟夫德贝鲁特大学
Russia,531-540,35,1.3,81.4,389,601+,130,南联邦大学
Costa Rica,531-540,,,31.4,-,-,491,哥斯达黎加大学
Spain,531-540,10.2,1.2,49.7,601+,601+,311,萨拉戈萨大学
United States,531-540,16,21.8,9.2,582,403,601+,特拉华大学
United Kingdom,541-550,60,44.7,24.3,233,305,591,阿伯斯威大学
"Iran, Islamic Republic of",541-550,1.5,,2.7,601+,-,601+,科学技术大学伊朗
South Korea,541-550,10.7,2.4,55.7,601+,601+,275,庆北国立大学
Japan,541-550,3.9,1.8,91.2,601+,601+,77,新泻大学
China (Mainland),541-550,5,8.1,55.8,601+,548,274,西北工业大学
Turkey,541-550,16,30.6,39.4,600,360,400,萨班斯大学
United States,541-550,5.7,2.3,13,601+,601+,601+,佐治亚大学
United States,541-550,3.2,1.9,15.2,601+,601+,601+,田纳西大学
South Korea,541-550,4.7,1.4,64.4,601+,601+,227,蔚山大学
Kazakhstan,551-560,2.7,16.1,66.2,601+,442,214,哈萨克斯坦国家教育大学
Greece,551-560,14.9,1,3,601+,601+,601+,亚里士多德大学
Kazakhstan,551-560,20.5,14.4,68.6,536,465,198,哈萨克斯坦国家农业大学
Czech Republic,551-560,70.4,15.2,12.1,193,455,601+,马萨里克大学
Turkey,551-560,13.1,4.2,7.8,601+,601+,601+,中东技术大学
Mexico,551-560,1.6,4.9,74.3,601+,601+,166,泛美大学（UP）
Spain,551-560,20,1.5,16.9,548,601+,601+,塞维利亚大学
Hungary,551-560,59.4,4.4,45.5,236,601+,346,塞格德大学
Italy,551-560,9,2,39.7,601+,601+,393,意大利天主教圣心大学
France,551-560,27,2,45.7,449,601+,343,图卢兹第三大学
Russia,561-570,38.2,1.8,80.2,366,601+,136,阿尔泰州立大学
South Korea,561-570,6.1,1.6,91.7,601+,601+,73,翰林大学
South Korea,561-570,11.8,2.1,69.9,601+,601+,190,仁荷大学
India,561-570,3,,20.4,601+,-,601+,尼赫鲁大学
Germany,561-570,30.7,,62.2,431,-,240,布伦瑞克工业大学
United States,561-570,94.9,1.9,48.7,84,601+,320,新学院大学
Italy,561-570,13.6,2.2,6.6,601+,601+,601+,帕维亚大学
Switzerland,561-570,48.9,100,5.7,295,67,601+,弗里堡大学 
Egypt,571-580,6,1.2,10.7,601+,601+,601+,开罗大学
China (Mainland),571-580,2.9,3.6,14.6,601+,601+,601+,大连理工大学
China (Mainland),571-580,2.3,1.2,16.2,601+,601+,601+,华东理工大学
Lebanon,571-580,39.2,99.3,53.5,356,92,290,卡斯里克的圣灵大学
China (Mainland),571-580,3.4,2,11.5,601+,601+,601+,湖南大学
Georgia,571-580,3.4,1.2,85.4,601+,601+,109,伊瓜恩Javakhishvili第比利斯州立大学
South Korea,571-580,8.4,3.1,58.6,601+,601+,262,全北国立大学
Japan,571-580,4.2,1.9,73.2,601+,601+,175,大阪市立大学
Spain,571-580,11.1,1.2,11.4,601+,601+,601+,瓦伦西亚大学
Portugal,571-580,24.5,10,47.5,479,516,330,米尼奥大学
United States,571-580,20.4,57.5,22.7,541,261,601+,内布拉斯加大学
Germany,571-580,22.7,28.1,21.5,508,373,601+,不来梅大学
Lebanon,581-590,48.2,95.7,30.5,297,133,520,黎巴嫩美国大学
Hong Kong SAR,581-590,78.5,100,23.4,158,33,601+,岭南大学（香港）
Australia,581-590,68.3,77.2,5.5,201,207,601+,默多克大学
Japan,581-590,7.2,1.9,71.5,601+,601+,182,冈山大学
Russia,581-590,21.1,1.6,84.9,528,601+,114,萨马拉国立航空航天大学
Argentina,581-590,16.2,1.7,19.2,597,601+,601+,拉普拉塔国立大学
Canada,581-590,15.7,32.9,6.5,601+,353,601+,圭尔夫大学
United States,581-590,23.9,30.7,9.2,490,365,601+,南佛罗里达大学
Bahrain,591-600,41.7,100,33.4,339,19,464,巴林应用科学大学
Turkey,591-600,10.8,46.1,16.2,601+,296,601+,毕尔坎特大学
India,591-600,1.5,1.1,24.9,601+,601+,583,印度理工学院海得拉巴
Japan,591-600,3.8,1.9,71.6,601+,601+,181,熊本大学
Taiwan,591-600,46.6,5.9,31.4,306,596,493,国立政治大学
India,591-600,3.2,1,57.8,601+,601+,265,浦那大学
Bulgaria,591-600,11,1.2,60.6,601+,601+,253,索非亚大学“圣克拉门特奥尔希斯基”
Colombia,591-600,1.7,3.4,48.3,601+,601+,324,哥伦比亚大学
Hungary,591-600,79,5.3,34.4,157,601+,453,德布勒森大学
China (Mainland),591-600,3.1,1.5,10.2,601+,601+,601+,电子科技大学
Slovenia,591-600,8.8,1.5,45.3,601+,601+,347,卢布尔雅那大学
Germany,591-600,10.9,,64.5,601+,-,225,雷根斯堡大学
Canada,591-600,25.3,12.9,2.4,469,484,601+,魁北克大学
Finland,601-650,15,27.6,33.2,601+,376,466,阿科美大学
United Arab Emirates,601-650,100,100,16.7,2,4,601+,迪拜美国大学
Philippines,601-650,3.6,1.6,35.9,601+,601+,435,马尼拉雅典耀大学
United Kingdom,601-650,70.5,41.8,16.5,191,319,601+,班戈大学
United Arab Emirates,601-650,100,100,26.6,6,7,559,迪拜的加拿大大学
Canada,601-650,53,20.3,2.9,272,412,601+,卡尔顿大学
Australia,601-650,98.2,95.7,20.3,56,134,601+,中央昆士兰大学
Thailand,601-650,4.1,1.6,14.9,601+,601+,601+,清迈大学
China (Mainland),601-650,1.7,1.5,23.4,601+,601+,601+,中国农业大学
United States,601-650,70.8,4.6,27.5,189,601+,547,克拉克大学
United Kingdom,601-650,99.8,70.2,14.6,30,231,601+,考文垂大学
Japan,601-650,4.2,1.7,78.7,601+,601+,144,岐阜大学
Japan,601-650,6.2,3.4,63.3,601+,601+,233,金泽大学
United Kingdom,601-650,98.7,63.3,8.3,51,248,601+,金斯顿大学
South Korea,601-650,12.6,2.1,58.1,601+,601+,263,建国大学
Germany,601-650,38.9,16,13.4,359,443,601+,汉诺威大学
Malaysia,601-650,41.1,43.5,40,345,312,391,管理与科学大学
China (Mainland),601-650,,,18.9,-,-,601+,南京理工大学
Czech Republic,601-650,19.5,16.3,37.8,552,432,416,帕拉茨基大学奥洛穆茨
Slovakia,601-650,64.3,1.2,64.3,214,601+,228,Pavol Josef Safarik大学
South Korea,601-650,7.6,2.7,30,601+,601+,530,釜山国立大学
China (Mainland),601-650,6.3,2.5,20.4,601+,601+,601+,中国人民大学
Kazakhstan,601-650,49.6,2.4,64.3,291,601+,229,哈萨克斯坦国立医科大学
South Korea,601-650,21.6,11.8,16.7,520,489,601+,世宗大学
China (Mainland),601-650,1.7,4.9,67.6,601+,601+,204,深圳大学
United States,601-650,23.2,2.1,73.7,500,601+,170,史密斯学院
China (Mainland),601-650,3.1,2.4,18.2,601+,601+,601+,苏州大学
Ukraine,601-650,7.3,1.1,40.3,601+,601+,389,基辅舍夫琴科基辅共和国国立大学
Thailand,601-650,1.9,3.7,27.7,601+,601+,545,泰国法政大学
Japan,601-650,6.7,1.9,14.1,601+,601+,601+,东京农工大学
Mexico,601-650,3.5,2.2,56.3,601+,601+,271,阿纳瓦克大学
Argentina,601-650,,,83,-,-,124,布宜诺斯艾利斯大学国家中心
Spain,601-650,5.9,6.6,42,601+,580,375,科米利亚斯主教大学
Chile,601-650,2.4,4.6,16.4,601+,601+,601+,德翁大学
Spain,601-650,37.3,94.9,8.1,371,138,601+,拉曼·鲁尔大学
France,601-650,7.8,,77.3,601+,-,151,巴黎第二大学
Portugal,601-650,2.4,,24.4,601+,-,589,阿威罗大学
United States,601-650,12.4,2.3,30.1,601+,601+,527,辛辛那提大学
Italy,601-650,15.7,1.6,9.8,601+,601+,601+,热那亚大学
Germany,601-650,26.8,9.3,6.8,451,528,601+,霍恩海姆大学
Jordan,601-650,35.1,8.1,15.7,388,545,601+,约旦大学
Canada,601-650,31.6,,41.3,415,-,380,曼尼托巴大学
United Kingdom,601-650,33.9,28.4,12.4,393,371,601+,普利茅斯大学
South Africa,601-650,7.4,28.8,3,601+,370,601+,比勒陀利亚大学
United Arab Emirates,601-650,100,100,6.7,14,8,601+,沙迦大学
Italy,601-650,21.8,1.4,10.4,518,601+,601+,锡耶纳大学
United States,601-650,5,25.3,12,601+,385,601+,南卡罗来纳大学
Australia,601-650,89.7,30,2.1,111,367,601+,维多利亚大学
United States,651-700,18.2,1.4,34.6,562,601+,452,美利坚大学
China (Mainland),651-700,2.4,1.5,14.6,601+,601+,601+,重庆大学
United States,651-700,11.7,3.3,37,601+,601+,430,威廉玛丽学院
Slovakia,651-700,26.5,1.3,49.3,457,601+,313,科米诺斯大学在布拉迪斯拉发
United States,651-700,22.2,4.4,32.1,513,601+,481,德雷塞尔大学
Australia,651-700,87.9,58.7,8,123,257,601+,埃迪斯科文大学
Hungary,651-700,25.2,2,21.8,471,601+,601+,匈牙利罗兰大学
Italy,651-700,30.1,87.3,11.7,429,179,601+,博尔扎诺自由大学
United States,651-700,6.8,1,66.5,601+,601+,212,霍华德大学
Russia,651-700,27.2,5,67.8,448,601+,202,伊曼纽埃尔·卡特波罗的海联邦大学
Malaysia,651-700,64.9,11.6,16.8,212,493,601+,马来西亚国际伊斯兰大学（IIUM）
India,651-700,1.4,,14.1,601+,-,601+,贾达福布尔大学
Japan,651-700,3.5,1.6,71.1,601+,601+,183,鹿儿岛大学
Austria,651-700,32.3,33.2,14.7,409,351,601+,格拉茨大学
Saudi Arabia,651-700,3.4,100,44.7,601+,23,350,哈立德国王大学
Pakistan,651-700,1.8,3.3,30.1,601+,601+,525,拉合尔管理科学大学（LUMS）
Russia,651-700,16.2,1.3,62.1,576,601+,241,下诺夫哥罗德国立大学
Macau SAR,651-700,100,100,4.9,1,15,601+,澳门科技大学
United States,651-700,16.8,4.6,27.9,584,601+,542,密歇根理工大学
Taiwan,651-700,9.5,2.8,25.6,601+,601+,573,国立中兴大学
Ukraine,651-700,16.9,1.1,68.3,568,601+,201,国立技术大学“哈尔科夫理工学院”
Greece,651-700,13.6,1.9,2.4,601+,601+,601+,雅典大学
Brazil,651-700,2,4.9,10.4,601+,601+,601+,里约热内卢天主大学
Russia,651-700,45,3.3,66,317,601+,215,塞维诺夫第一莫斯科国立医科大学
Malaysia,651-700,31.2,20.2,41.8,420,413,379,双威大学
United States,651-700,45,1.9,16.1,318,601+,601+,雪城大学
Japan,651-700,2.9,1.4,71,601+,601+,184,德岛大学
United Kingdom,651-700,22.2,99.9,20.9,515,72,601+,阿尔斯特大学
Colombia,651-700,2.3,2,66.9,601+,601+,208,ICEI大学
Peru,651-700,3.1,1.1,60.6,601+,601+,252,卡耶塔诺·埃雷迪亚大学
Colombia,651-700,3.7,1.9,57.7,601+,601+,266,宗座大学玻利瓦尔
Colombia,651-700,1.3,1.6,4.8,601+,601+,601+,德安蒂奥基亚大学
Brazil,651-700,2.2,3,14.4,601+,601+,601+,米纳斯吉拉斯联邦大学
Malaysia,651-700,1.6,1.2,13.7,601+,601+,601+,玛拉工艺大学
Greece,651-700,4.7,1.1,4.6,601+,601+,601+,克里特大学
United Kingdom,651-700,46.5,44.7,21,307,303,601+,赫尔大学
India,651-700,2.3,1.2,19.3,601+,601+,601+,海得拉巴大学
United States,651-700,5.1,6.8,24.3,601+,576,590,肯塔基大学
United States,651-700,20.8,1.7,13,532,601+,601+,马萨诸塞大学，波士顿
Belgium,651-700,38.9,18,4.4,360,423,601+,蒙斯大学
Canada,651-700,35.4,54.6,30.4,387,273,508,新不伦瑞克大学
United States,651-700,4.9,2.4,28.2,601+,601+,539,新墨西哥大学
United States,651-700,6.8,11.2,20.7,601+,498,601+,俄克拉荷马大学
United States,651-700,10.8,2.7,18.2,601+,601+,601+,俄勒冈大学
Hungary,651-700,69.2,1.6,37,199,601+,429,佩奇大学
United Kingdom,651-700,74.2,71.4,10.2,175,225,601+,朴茨茅斯大学
Spain,651-700,32.9,1.9,18.9,404,601+,601+,萨拉曼卡大学
Italy,651-700,10.2,2.2,5.4,601+,601+,601+,的里雅斯特大学
United States,651-700,4.7,1.6,63.6,601+,601+,232,佛蒙特大学
Germany,651-700,16.7,,64.3,586,-,230,罗斯托克大学
France,651-700,15.4,2.8,9.8,601+,601+,601+,里昂第一大学
United Arab Emirates,651-700,2.4,100,32.1,601+,10,482,扎耶德大学
United Arab Emirates,701-750,100,100,8.8,11,5,601+,阿布扎比大学
United Arab Emirates,701-750,100,100,6.7,4,6,601+,阿治曼科技大学
United Arab Emirates,701-750,100,100,10.3,16,1,601+,艾因科技大学
China (Mainland),701-750,3.6,2.3,45.6,601+,601+,344,北京工业大学
Turkey,701-750,3,4.1,4.6,601+,601+,601+,Bogaziçi大学
Czech Republic,701-750,70.3,4,22.2,195,601+,601+,布尔诺工业大学
Australia,701-750,88.2,43,6.2,122,314,601+,查尔斯达尔文大学
United States,701-750,5.7,2.4,11.2,601+,601+,601+,纽约市立大学
Japan,701-750,4,1.4,70.7,601+,601+,186,群马大学
India,701-750,1,1.2,20.6,601+,601+,601+,印度理工学院布巴内斯瓦尔分校
Argentina,701-750,13.9,14.8,43.2,601+,460,366,布宜诺斯艾利斯理工学院
Turkey,701-750,14.3,1.6,9.1,601+,601+,601+,伊斯坦布尔理工大学
Saudi Arabia,701-750,2.9,100,45.9,601+,24,342,贾佛大学
Lebanon,701-750,36.1,30.2,13.8,382,366,601+,黎巴嫩大学
United Kingdom,701-750,96.2,83.6,8.5,76,192,601+,米德塞斯大学
Ukraine,701-750,3,1,39.7,601+,601+,394,乌克兰国立技术大学“基辅理工学院”
United States,701-750,74.2,47.1,15.1,174,293,601+,新泽西理工学院（NJIT）
United Kingdom,701-750,61.1,34.6,12.7,228,346,601+,诺森比亚大学
Lebanon,701-750,32.4,86.7,30.7,407,181,518,巴黎圣母院大学卢瓦兹分校
India,701-750,1.2,8.1,59.3,601+,547,258,金达尔环球大学
Japan,701-750,4.1,1.7,54.2,601+,601+,284,大阪府立大学
Germany,701-750,26,6.1,8.9,463,592,601+,菲利普斯大学马堡
Russia,701-750,22.6,3.4,50.4,509,601+,307,普列汉诺夫俄罗斯经济大学
Italy,701-750,9.3,1.9,8.4,601+,601+,601+,巴里理工大学
Saudi Arabia,701-750,21.3,100,16.8,523,11,601+,王子穆罕默德本法赫德大学
Russia,701-750,52.7,1.8,57.3,275,601+,268,圣彼得堡电工大学
United States,701-750,90.1,26,6.3,107,383,601+,史蒂文生理工学院
Ukraine,701-750,54.6,1.2,53.1,265,601+,291,苏梅州立大学
Japan,701-750,7.1,2,31.5,601+,601+,490,东京都大学
Russia,701-750,2,1,76.6,601+,601+,154,乌法国家航空技术大学（USATU）
Venezuela,701-750,,,19.1,-,-,601+,委内瑞拉中央大学（UCV）
Mexico,701-750,3,1.9,27.2,601+,601+,552,伊比利亚美洲大学
Colombia,701-750,2.6,2.2,23.2,601+,601+,601+,拉萨瓦纳大学
Argentina,701-750,5.2,2.8,53.6,601+,601+,287,圣安德烈斯大学
Spain,701-750,6.1,1.1,14.3,601+,601+,601+,孔波斯特拉大学
Spain,701-750,25.2,2.5,21.6,470,601+,601+,罗维拉-威尔吉利大学
United Kingdom,701-750,78.5,27.8,9.9,161,375,601+,布拉德福德大学
Israel,701-750,6.4,10.2,38.2,601+,512,410,海法大学
United States,701-750,10.8,2.3,4.8,601+,601+,601+,休斯敦大学
United Kingdom,701-750,73.6,50.7,7.8,179,284,601+,哈德斯菲尔德大学
Italy,701-750,5.4,1.1,2.3,601+,601+,601+,艾米利亚大学
Australia,701-750,41.9,62.7,4.7,337,250,601+,南昆士兰大学
United Kingdom,701-750,100,73.6,6.1,23,215,601+,威斯敏斯特大学
Canada,701-750,43.1,,1.6,328,-,601+,温莎大学
Spain,701-750,6.1,1.3,33.3,601+,601+,465,维斯大学大学
Germany,701-750,30.1,36,13,434,341,601+,波茨坦大学
France,701-750,44.7,22.8,4.7,319,397,601+,蔚蓝海岸大学
Tunisia,701-750,2.1,1.1,76.3,601+,601+,158,苏塞大学
United States,701-750,4,4.3,47.6,601+,601+,329,弗吉尼亚联邦大学
Kuwait,751-800,23.8,100,16.1,491,2,601+,中东美国大学
Belarus,751-800,14.2,1.2,37,601+,601+,428,白俄罗斯国立技术大学
United Kingdom,751-800,52,69.7,6.4,279,232,601+,伯恩茅斯大学
South Korea,751-800,9.8,2.4,40.1,601+,601+,390,全南国立大学
South Korea,751-800,10.5,2.6,37.8,601+,601+,413,忠南国立大学
United States,751-800,12.8,23.2,18.2,601+,396,601+,克拉克森大学
South Korea,751-800,5,1.8,64.8,601+,601+,224,檀国大学
United States,751-800,6.6,1.8,5.1,601+,601+,601+,佐治亚州立大学
Indonesia,751-800,4.5,45.7,26.1,601+,298,565,泗水理工学院
Mexico,751-800,1.2,1.3,10.6,601+,601+,601+,民族工业学院(IPN)
Mexico,751-800,1.7,35,15.4,601+,344,601+,墨西哥自治大学（ITAM）
India,751-800,3.3,1.4,48.7,601+,601+,319,印度国立伊斯兰大学
China (Mainland),751-800,85.6,34.4,10.1,137,348,601+,暨南大学
Kazakhstan,751-800,8.6,1.2,64.5,601+,601+,226,卡拉甘达国立技术大学
United Kingdom,751-800,31.3,37.1,19.9,419,337,601+,基尔大学
China (Mainland),751-800,1.7,1.3,22.8,601+,601+,601+,兰州大学
India,751-800,5.7,1.1,52.8,601+,601+,293,马尼拉大学
Ireland,751-800,21.4,82.8,11.2,522,194,601+,梅努斯大学
Canada,751-800,55.5,13.2,13.8,258,480,601+,纽芬兰纪念大学
China (Mainland),751-800,3.4,1.6,52.6,601+,601+,297,西北大学（中国）
Chile,751-800,1.6,4.4,6.1,601+,601+,601+,瓦尔帕莱索天主教大学
Saudi Arabia,751-800,24.5,73.5,16.6,481,217,601+,诺拉·宾特·阿卜杜勒拉曼公主大学
Latvia,751-800,49.9,5.6,23.7,289,601+,600,里加技术大学
Japan,751-800,9.7,12.7,9.5,601+,486,601+,立命馆大学
"Iran, Islamic Republic of",751-800,1.6,,6.3,601+,-,601+,设拉子大学
Australia,751-800,83.8,67,4.6,142,237,601+,南十字大学
Estonia,751-800,30.1,19.1,22.6,428,418,601+,塔林理工大学
United States,751-800,7.3,1.6,24.2,601+,601+,592,天普大学
Chile,751-800,4.9,16.6,3.6,601+,428,601+,阿道夫·伊瓦涅斯大学
Ecuador,751-800,2.1,50.8,30.1,601+,283,510,旧金山基多大学
Argentina,751-800,46.1,16.6,19.9,311,426,601+,托尔夸托迪特利亚大学
Uruguay,751-800,3,2.3,21.1,601+,601+,601+,德拉共和大学（UdelaR）
Colombia,751-800,1.6,4.1,21.5,601+,601+,601+,罗萨里奥大学
Brazil,751-800,1.8,1.2,8.7,601+,601+,601+,联邦大学里约热内卢大学
Malaysia,751-800,26.6,4,40.3,456,601+,388,国家能源大学
Germany,751-800,16.8,,34.4,571,-,454,杜塞尔多夫大学
United States,751-800,10,2.1,6.9,601+,601+,601+,奥尔巴尼纽约州立大学
Italy,751-800,13.9,1.5,6,601+,601+,601+,布雷西亚大学
United States,751-800,5.1,5.9,3.5,601+,594,601+,中佛罗里达大学
United States,751-800,6.8,1.4,43.3,601+,601+,365,丹佛大学
United Kingdom,751-800,99.1,86.5,7.1,45,182,601+,格林威治大学
United States,751-800,13.1,15.4,14.2,601+,449,601+,马里兰大学，巴尔的摩县
Croatia,751-800,1.7,1.1,35,601+,601+,445,萨格勒布大学
Italy,751-800,6.8,2.4,4.1,601+,601+,601+,佩鲁贾大学
Canada,751-800,9.9,44.4,23.3,601+,307,601+,舍布鲁克大学
Lithuania,751-800,27.6,3,32.8,444,601+,471,维尔纽斯Gediminas技术大学
United States,751-800,33.2,9.6,16.9,400,520,601+,伍斯特理工学院
Poland,801-1000,2.4,1.2,30.7,601+,601+,502,波兰克拉科夫AGH科技大学
Kazakhstan,801-1000,6.3,2.8,30.8,601+,601+,501,卡拉甘达州立大学E.Buketov
Poland,801-1000,3.6,2.3,25,601+,601+,582,波兹南密茨凯维奇大学
Egypt,801-1000,3.8,11.4,8.7,601+,496,601+,艾因·沙姆斯大学
Turkey,801-1000,7,1.3,13.2,601+,601+,601+,安卡拉大学
India,801-1000,1.8,,5.2,601+,-,601+,安娜大学
United States,801-1000,11.2,2,7.8,601+,601+,601+,奥本大学
Australia,801-1000,51.6,63.1,5.1,282,249,601+,澳洲天主大学
Bangladesh,801-1000,1.1,,19.6,601+,-,601+,孟加拉国工程技术大学
China (Mainland),801-1000,31.9,9.6,31.6,412,521,487,北京外国语大学
China (Mainland),801-1000,12.5,1.9,18.9,601+,601+,601+,北京交通大学
China (Mainland),801-1000,10.4,,40.4,601+,-,387,北京中医药大学
China (Mainland),801-1000,2,1.9,12,601+,601+,601+,北京邮电大学
Lebanon,801-1000,39,61,12.1,358,254,601+,贝鲁特阿拉伯大学
Germany,801-1000,9.1,9.7,10,601+,518,601+,比勒费尔德大学
United States,801-1000,16.4,2.6,6.2,575,601+,601+,纽约州立大学宾厄姆顿大学
Hungary,801-1000,16.6,1.2,16.1,573,601+,601+,布达佩斯理工大学
France,801-1000,55.6,24.4,34.3,256,389,457,CY塞尔吉-巴黎大学
Italy,801-1000,10,16.2,4.3,601+,434,601+,威尼斯大学
Italy,801-1000,1.5,1.3,5.2,601+,601+,601+,卡塔尼亚大学
Australia,801-1000,96.3,10.2,4.3,75,511,601+,查尔斯·斯坦特大学
United States,801-1000,6.9,1.3,12.8,601+,601+,601+,克莱蒙森大学
Hungary,801-1000,45.8,2.5,4.4,315,601+,601+,布达佩斯科维纳斯大学
Poland,801-1000,2.4,1.2,23.9,601+,601+,595,理工大学，克拉科夫
Czech Republic,801-1000,55.5,13.1,10.4,257,483,601+,捷克生命科学大学
Philippines,801-1000,3.1,1.2,12.5,601+,601+,601+,德拉萨大学
United Kingdom,801-1000,95.3,58.2,5.6,78,259,601+,德蒙福特大学
United Kingdom,801-1000,89,44.7,6.2,119,304,601+,爱丁堡纳皮尔大学
Russia,801-1000,7.3,1.1,42.2,601+,601+,374,俄罗斯联邦政府金融大学
United States,801-1000,15.4,9.4,10.5,601+,525,601+,佛罗里达国际大学
United States,801-1000,25.8,3.4,20.1,467,601+,601+,福坦莫大学
Poland,801-1000,4.2,1.2,34.9,601+,601+,446,格但斯克理工大学
United States,801-1000,13.1,2.8,11.2,601+,601+,601+,乔治·梅森大学
Jordan,801-1000,20.2,42.6,21.6,545,315,601+,德国约旦大学
Kuwait,801-1000,26.3,100,7.2,462,12,601+,海湾大学科技（GUST）
Turkey,801-1000,2.8,1.3,8.1,601+,601+,601+,哈西德佩大学
China (Mainland),801-1000,2.9,1.8,26.4,601+,601+,562,哈尔滨工程大学
United States,801-1000,5.1,14.4,26.3,601+,464,564,印第安纳大学与普渡大学印第安纳波利斯联合分校
Japan,801-1000,15,71.8,16.2,601+,224,601+,国际基督教大学
Saudi Arabia,801-1000,100,97.8,8.6,18,119,601+,麦地那伊斯兰大学
Turkey,801-1000,10.3,2.6,1.9,601+,601+,601+,伊斯坦布尔大学
Jordan,801-1000,24,5.5,20.3,489,601+,601+,约旦科技大学
United States,801-1000,10.3,28.9,16.5,601+,368,601+,堪萨斯州立大学
Thailand,801-1000,1.6,2.6,6.6,601+,601+,601+,泰国农业大学
Lithuania,801-1000,11.2,1.4,32.8,601+,601+,472,考纳斯理工大学
Kazakhstan,801-1000,4.6,2.1,38.8,601+,601+,407,哈萨克斯坦Ablai汗国际关系与世界语言大学
Kazakhstan,801-1000,2.7,8.3,30.9,601+,543,498,哈萨克斯坦英国技术大学
Russia,801-1000,43.7,1.1,34.2,326,601+,458,喀山国立研究理工大学
Thailand,801-1000,3.8,2.9,8.6,601+,601+,601+,孔敬大学
Saudi Arabia,801-1000,2.3,99.7,10,601+,80,601+,费萨尔国王大学
Thailand,801-1000,2.5,2.8,15,601+,601+,601+,蒙古特国王理工大学
Japan,801-1000,12.8,2.5,20.8,601+,601+,601+,京都工艺纤维大学
Japan,801-1000,5.6,3.8,13.4,601+,601+,601+,九州工业大学
United Kingdom,801-1000,33.8,34.7,11.2,394,345,601+,利物浦约翰·穆尔斯大学
Poland,801-1000,4,1.3,37.9,601+,601+,412,罗兹技术大学
United Kingdom,801-1000,99.5,44.5,7.3,37,306,601+,伦敦都会大学
United Kingdom,801-1000,93.9,66.9,12.7,95,238,601+,伦敦南岸大学
United States,801-1000,4.6,4,6.2,601+,601+,601+,路易斯安那州立大学
United States,801-1000,4.9,1.6,23.8,601+,601+,596,芝加哥洛约拉大学
Ukraine,801-1000,1.7,1,47.4,601+,601+,331,利沃夫理工大学
United Kingdom,801-1000,44.6,27.2,12.6,320,378,601+,曼彻斯特城市大学
Czech Republic,801-1000,47.9,5.6,34.8,299,601+,447,孟德尔大学
Russia,801-1000,6.7,1,46,601+,601+,341,俄罗斯化工大学门捷列夫
Kazakhstan,801-1000,19.4,79,30,554,200,529,KIMEP大学
China (Mainland),801-1000,3.7,2.1,15.6,601+,601+,601+,南京航空航天大学
Taiwan,801-1000,9.8,1.6,21,601+,601+,601+,国立中正大学
Poland,801-1000,3.5,1.4,43.4,601+,601+,361,尼古拉哥白尼大学
United Kingdom,801-1000,56.6,49.2,9.7,251,290,601+,诺丁汉特伦特大学
Russia,801-1000,51.2,1.3,28.3,285,601+,538,新西伯利亚州立技术大学
United States,801-1000,9.5,40.6,14.8,601+,325,601+,俄克拉荷马州立大学
Austria,801-1000,97.4,,4.5,67,-,601+,帕丽斯·洛德伦萨尔茨堡大学
Russia,801-1000,5.5,1.1,48.8,601+,601+,317,彼尔姆州立大学
India,801-1000,1.4,1.3,7.1,601+,601+,601+,本地治里大学
Brazil,801-1000,1.4,1.8,28.1,601+,601+,540,圣保罗天主教大学（PUC-SP）
Poland,801-1000,3.4,1.2,28.3,601+,601+,537,波兹南理工大学
Thailand,801-1000,2.3,1.6,16.2,601+,601+,601+,宋卡王子大学
Jordan,801-1000,40.1,57.2,15.6,350,263,601+,苏马亚公学技术大学
Saudi Arabia,801-1000,6.6,99,24.5,601+,101,588,卡西姆大学
United Kingdom,801-1000,86.8,38.5,6.2,129,332,601+,玛格丽特皇后大学
South Africa,801-1000,40.6,,14.9,347,-,601+,罗德斯大学
Latvia,801-1000,86.1,5.2,18.6,133,601+,601+,里加斯特拉斯大学
United Kingdom,801-1000,60.3,46,6.4,232,297,601+,罗伯特戈顿大学
Russia,801-1000,3.2,1.2,51.2,601+,601+,305,俄罗斯国家经济和公共行政学院院长
United States,801-1000,19.1,13.8,15.7,557,470,601+,罗格斯堡 - 新泽西州立大学纽瓦克
Canada,801-1000,4.3,,1.7,601+,-,601+,瑞尔森大学
United States,801-1000,16.9,1,35.9,566,601+,434,西雅图大学
Japan,801-1000,3.5,2.2,37.9,601+,601+,411,信州大学
India,801-1000,2.1,1.1,41.9,601+,601+,376,Siksha 'O' Anusandhan 大学
Poland,801-1000,2,1.1,35.2,601+,601+,443,Gliwice西里西亚理工大学
Slovakia,801-1000,3.1,1.2,39.6,601+,601+,395,斯洛伐克理工大学布拉迪斯拉发
Japan,801-1000,23.7,20.7,18.8,492,410,601+,上智大学
Russia,801-1000,19.1,3.5,44.7,556,601+,351,南乌拉尔国立大学
United States,801-1000,20.9,3.9,37.6,531,601+,418,南卫理公会大学
Hungary,801-1000,33.9,1.1,39,392,601+,405,匈牙利农业与生命科学大学
Hungary,801-1000,6.6,1.1,37.2,601+,601+,423,塞切尼·伊什特万大学
Germany,801-1000,15.4,9.5,14.9,601+,523,601+,多特蒙德工业大学
Slovakia,801-1000,43.1,1.1,27.4,330,601+,549,科希策技术大学
Czech Republic,801-1000,10.1,5.5,46.1,601+,601+,339,利伯雷茨技术大学
Ireland,801-1000,47.9,14.5,13.8,298,462,601+,都柏林理工学院
Costa Rica,801-1000,1.8,2.2,23.2,601+,601+,601+,哥斯达黎加技术学院
United States,801-1000,7.6,5.7,6.7,601+,601+,601+,德克萨斯理工大学
United States,801-1000,4,1.8,6,601+,601+,601+,阿拉巴马大学
Japan,801-1000,3.2,3.4,11.2,601+,601+,601+,东京科技大学
Poland,801-1000,3,1.7,27.7,601+,601+,543,格但斯克大学
Mexico,801-1000,1.3,2.9,6.2,601+,601+,601+,自治城市大学（UAM）
Mexico,801-1000,,,57.6,-,-,267,查平戈大学
Mexico,801-1000,1.8,1.4,53.8,601+,601+,286,伊达尔戈州自治大学
Mexico,801-1000,1.2,1.1,6.4,601+,601+,601+,墨西哥州立自治大学
Venezuela,801-1000,1.6,,2.9,601+,-,601+,安德鲁贝罗天主大学
Uruguay,801-1000,2,3.7,42.3,601+,601+,373,乌拉圭天主教大学
Chile,801-1000,2.9,4,10.6,601+,601+,601+,迭戈波塔利斯大学
Colombia,801-1000,3.1,1.6,4,601+,601+,601+,EAFIT大学
Peru,801-1000,,,8.1,-,-,601+,圣马科斯国立大学
Argentina,801-1000,2,1.2,12.2,601+,601+,601+,科尔多瓦国立大学
Argentina,801-1000,,,21.2,-,-,601+,罗萨里奥国立大学
Argentina,801-1000,,,51.9,-,-,302,圣路易斯国立大学
Venezuela,801-1000,1,1.1,10.2,601+,601+,601+,委内瑞拉西蒙·博利瓦尔大学
Argentina,801-1000,1.8,,45.6,601+,-,345,国立理工大学（UTN）
Panama,801-1000,5,1.4,26.8,601+,601+,556,巴拿马大学（UTP）
Chile,801-1000,4.3,4.8,4.8,601+,601+,601+,大西洋学院费德里科圣玛丽亚大学
Mexico,801-1000,1.2,1.3,26.8,601+,601+,555,瓜达拉哈拉大学（UDG）
Venezuela,801-1000,2.2,1.1,18.9,601+,601+,601+,洛斯安第斯大学梅里达
Spain,801-1000,,,10.6,-,-,601+,奥维耶多大学
Mexico,801-1000,8.6,14.9,31.6,601+,458,488,拉斯美洲普埃布拉大学（UDLAP）
Chile,801-1000,2.4,5.1,10.6,601+,601+,601+,洛斯安第斯大学智利
Colombia,801-1000,1,1.3,8,601+,601+,601+,山谷大学
Portugal,801-1000,5.9,1.2,14.3,601+,601+,601+,葡萄牙天主大学
Brazil,801-1000,1.4,1.1,23.4,601+,601+,601+,伯南布哥联邦大学
Brazil,801-1000,2.2,1.6,18.6,601+,601+,601+,圣卡塔琳娜州联邦大学
Brazil,801-1000,2,1.5,18.7,601+,601+,601+,圣卡洛斯联邦大学
Brazil,801-1000,1.1,1.4,20.8,601+,601+,601+,巴拉那联邦大学（UFP的）
Spain,801-1000,5.2,1.3,30.6,601+,601+,519,大学科鲁尼亚大学
Brazil,801-1000,2.9,2.9,13.1,601+,601+,601+,德巴西利亚大学
Italy,801-1000,4.9,1.7,11.3,601+,601+,601+,马尔凯理工大学
Italy,801-1000,5.2,1.3,3,601+,601+,601+,费拉拉大学大学
Indonesia,801-1000,1.6,6.2,30.2,601+,591,509,Padjadjaran大学
Malaysia,801-1000,3.7,2.3,38.6,601+,601+,409,吉隆坡大学（UniKL）
Malaysia,801-1000,11,15.3,15.9,601+,450,601+,马来西亚彭亨大学
Malaysia,801-1000,4.5,1.2,41.2,601+,601+,381,玻璃市马来西亚大学
Malaysia,801-1000,2.3,3.7,11.6,601+,601+,601+,马来西亚拉曼大学
Spain,801-1000,16.2,1.9,25.7,598,601+,570,阿利坎特大学
Iraq,801-1000,1.1,1.1,37.1,601+,601+,426,巴格达大学
Bahrain,801-1000,42,96,8.4,335,129,601+,巴林大学
Italy,801-1000,2.1,1.8,4.9,601+,601+,601+,巴里大学
United Kingdom,801-1000,54.9,42.4,11.5,263,317,601+,布莱顿大学
India,801-1000,1.4,7.2,6.3,601+,564,601+,加尔各答大学
United Kingdom,801-1000,61.1,18.1,16.7,227,422,601+,中央兰开夏大学
Bangladesh,801-1000,1.1,1.1,14,601+,601+,601+,达卡大学
United Kingdom,801-1000,98.2,70.6,5.5,59,228,601+,东伦敦大学
Pakistan,801-1000,5.6,1,19.5,601+,601+,601+,拉合尔工程技术大学
United States,801-1000,9.5,7,35.3,601+,569,441,哈特福德大学
United Kingdom,801-1000,93.6,39.4,9.9,97,330,601+,赫特福德大学
Czech Republic,801-1000,7,7.7,43.1,601+,557,367,哈拉德茨克拉洛夫大学
South Africa,801-1000,2,16.7,6.7,601+,436,601+,夸祖鲁-纳塔尔大学
United Kingdom,801-1000,13.9,64.2,10.8,601+,242,601+,林肯大学
Poland,801-1000,10.9,1.4,35.8,601+,601+,437,罗兹大学
Malta,801-1000,13.2,6,43.3,601+,593,362,马耳他大学
Slovenia,801-1000,8.6,1.2,41.9,601+,601+,377,马里博尔大学
Italy,801-1000,2.8,1.1,12.7,601+,601+,601+,墨西拿大学
United States,801-1000,3.3,3.4,40.9,601+,601+,384,密西西比大学
United States,801-1000,10.2,1.6,23.4,601+,601+,601+,密苏里大学堪萨斯城分校
Spain,801-1000,7.3,1.4,31.2,601+,601+,495,穆尔西亚大学
Italy,801-1000,2.2,1.2,4,601+,601+,601+,帕尔特诺佩大学
Australia,801-1000,4.6,1.4,1.6,601+,601+,601+,新英格兰大学
United States,801-1000,5.9,1.1,10,601+,601+,601+,新罕布什尔大学
Italy,801-1000,2.1,1.2,6.9,601+,601+,601+,巴勒莫大学
Italy,801-1000,7.5,1.2,2.9,601+,601+,601+,帕尔马大学
Greece,801-1000,4.6,1.1,2.5,601+,601+,601+,帕特雷大学
Italy,801-1000,2.1,1.3,4.9,601+,601+,601+,萨莱诺大学
United Kingdom,801-1000,52.4,19.4,10.1,276,416,601+,索尔福德大学
Philippines,801-1000,7.6,15.7,14.4,601+,601+,601+,圣托马斯大学（菲律宾）
South Korea,801-1000,7,1.4,31.3,601+,601+,494,首尔市立大学
United States,801-1000,3.1,2.5,4.8,601+,601+,601+,德克萨斯大学圣安东尼奥分校
United States,801-1000,27.2,1.7,34.6,447,601+,450,塔尔萨大学
Russia,801-1000,16.2,2,56.6,579,601+,269,秋明州立大学
United States,801-1000,5.4,2,11,601+,601+,601+,威斯康星大学密尔沃基分校
Poland,801-1000,8.3,1.5,23.2,601+,601+,601+,弗罗茨瓦夫大学
United States,801-1000,5.9,2.9,22.1,601+,601+,601+,怀俄明大学
Pakistan,801-1000,1.4,1.4,5.1,601+,601+,601+,旁遮普大学
United Kingdom,801-1000,61.9,28.2,11,224,372,601+,英国西部大学
Slovakia,801-1000,2.6,1.5,49.1,601+,601+,314,日利纳大学
Italy,801-1000,5.1,1.7,11.2,601+,601+,601+,乌迪内大学
Italy,801-1000,5.4,3.2,2.3,601+,601+,601+,罗马帝国大学
Germany,801-1000,46.8,22.4,8.5,305,399,601+,杜伊斯堡-埃森大学
France,801-1000,57.1,16.2,1.4,247,440,601+,图卢兹第一大学
France,801-1000,20.5,6.9,5,539,574,601+,里尔大学
France,801-1000,36.6,8.7,8.2,378,535,601+,洛林大学
France,801-1000,16.3,7.1,8.4,595,566,601+,南特大学
France,801-1000,14.2,4.8,14.5,601+,601+,601+,雷恩第一大学
Italy,801-1000,4.8,1.8,6.1,601+,601+,601+,维罗纳大学
Vietnam,801-1000,1.4,2.1,12.2,601+,601+,601+,胡志明市国家大学
Vietnam,801-1000,1.8,1.6,15.5,601+,601+,601+,越南河内国家大学
Lithuania,801-1000,23.1,12,12.2,502,487,601+,维陶塔斯·马格纳斯大学
United States,801-1000,9.3,2,12.8,601+,601+,601+,西弗吉尼亚大学
Poland,801-1000,5.3,1.2,30.5,601+,601+,521,弗罗茨瓦夫理工大学
China (Mainland),801-1000,3.1,,14.4,601+,-,601+,武汉理工大学
China (Mainland),801-1000,9.8,100,9.1,601+,63,601+,西交利物浦大学
Japan,801-1000,3.5,2.7,48.9,601+,601+,316,山口大学
Armenia,801-1000,4,1.8,49.9,601+,601+,310,埃里温州立大学
South Korea,801-1000,10.1,11.1,15,601+,499,601+,岭南大学
Japan,801-1000,11.8,2.9,21.2,601+,601+,601+,横滨国立大学
"Palestinian Territory, Occupied",1001-1200,5.1,31.8,13.9,601+,357,601+,圣城大学耶路撒冷的阿拉伯大学
Egypt,1001-1200,8.4,1,11.4,601+,601+,601+,阿兹哈尔大学
Egypt,1001-1200,3,1.2,6.9,601+,601+,601+,亚历山大大学
India,1001-1200,2.4,,24.8,601+,-,585,阿里格尔穆斯林大学
India,1001-1200,20.9,1.3,16.4,530,601+,601+,爱美大学
India,1001-1200,1.9,22.7,30.4,601+,398,522,阿米里大学
"Palestinian Territory, Occupied",1001-1200,19.5,18.6,7.7,553,420,601+,安纳哈大学
Turkey,1001-1200,3.4,1.2,19.6,601+,601+,601+,阿纳多卢大学
Egypt,1001-1200,2.3,13.6,14.2,601+,475,601+,艾斯尤特大学
Greece,1001-1200,6,1.1,1.4,601+,601+,601+,雅典经商大学
Azerbaijan,1001-1200,2.4,1.6,18.2,601+,601+,601+,阿塞拜疆国立经济大学
Bangladesh,1001-1200,2,1.2,23.4,601+,601+,601+,布拉克大学
Romania,1001-1200,4.5,9.6,4.1,601+,519,601+,宝贝博爱大学
Azerbaijan,1001-1200,2,1.1,26.5,601+,601+,561,巴库州立大学
India,1001-1200,2,1.1,13.8,601+,601+,601+,班纳拉斯印度大学
United States,1001-1200,4.9,1.4,19,601+,601+,601+,贝勒大学
Belarus,1001-1200,3.2,1,14.4,601+,601+,601+,白俄罗斯国立信息大学和放射性电子学系
Mexico,1001-1200,1.2,1.6,5.6,601+,601+,601+,普埃布拉自治大学
Indonesia,1001-1200,4.5,4.8,22.3,601+,601+,601+,建国大学（BINUS）
India,1001-1200,2.3,1.1,7.6,601+,601+,601+,伯拉科技学院
United Kingdom,1001-1200,74.9,20.9,10.1,173,407,601+,伯明翰城市大学
United States,1001-1200,3.9,1,4.8,601+,601+,601+,杨百翰大学
Egypt,1001-1200,3.1,1.3,18.7,601+,601+,601+,埃及不列颠大学
Canada,1001-1200,21.7,1.2,2.6,519,601+,601+,Brock University
Pakistan,1001-1200,1.7,1.2,12.8,601+,601+,601+,COMSATS信息技术研究所
United Kingdom,1001-1200,25.9,18.3,10,465,421,601+,坎特伯雷基督教大学
Argentina,1001-1200,3.9,1.3,23,601+,601+,601+,科尔多瓦天主教大学
Taiwan,1001-1200,5.3,2.3,39.1,601+,601+,404,长荣大学
China (Mainland),1001-1200,5.7,4.8,15,601+,601+,601+,中国政法大学
Taiwan,1001-1200,10.4,1.9,5.1,601+,601+,601+,中原基督教大学
South Korea,1001-1200,6.5,2.1,28.4,601+,601+,534,忠北国立大学
Indonesia,1001-1200,2.2,10.8,10.6,601+,502,601+,蒂波尼格罗大学
Japan,1001-1200,4.4,8.3,6,601+,541,601+,同志社大学
Turkey,1001-1200,4,1,15.9,601+,601+,601+,爱琴海大学
Ecuador,1001-1200,1.6,2.6,27.5,601+,601+,548,国立理工学院
Ecuador,1001-1200,1.6,7.2,15.6,601+,565,601+,高等政治学院（ESPOL）
Taiwan,1001-1200,9.8,1.5,5,601+,601+,601+,逢甲大学
United States,1001-1200,4.9,2.8,6.7,601+,601+,601+,佛罗里达大西洋大学
Taiwan,1001-1200,16.9,2.7,7.4,569,601+,601+,辅仁大学
Turkey,1001-1200,2.9,1.3,4.7,601+,601+,601+,加兹大学
United Kingdom,1001-1200,44,16.6,5.5,324,427,601+,格拉斯哥卡利多尼安大学
United Kingdom,1001-1200,15.5,11.3,7.1,601+,497,601+,哈珀亚当斯大学学院
Saudi Arabia,1001-1200,13.4,27,11.8,601+,379,601+,伊玛目穆罕默德·本·沙特伊斯兰大学
India,1001-1200,2,1.1,13.6,601+,601+,601+,印度信息技术研究所（IIIT） - 安拉哈巴德省
Russia,1001-1200,5.2,1.2,30.4,601+,601+,523,伊尔库茨克州立大学
Turkey,1001-1200,55.3,3.4,14.4,260,601+,601+,伊斯坦布尔艾登大学
Turkey,1001-1200,16.9,2.2,15,583,601+,601+,伊斯坦布尔Bilgi大学
Ukraine,1001-1200,2,1.1,35.4,601+,601+,440,伊凡弗兰柯利沃夫国立大学
Turkey,1001-1200,3.6,1.7,6.1,601+,601+,601+,伊兹密尔技术学院（IYTE）
India,1001-1200,4.3,,11,601+,-,601+,贾米亚·哈姆达德，新德里
South Korea,1001-1200,6.2,1.3,24.9,601+,601+,584,济州国立大学
South Korea,1001-1200,2.9,1.8,16,601+,601+,601+,江原大学
United States,1001-1200,7.3,6.5,7.2,601+,584,601+,肯特州立大学
Thailand,1001-1200,1.8,3.6,5.1,601+,601+,601+,先皇技术学院
South Korea,1001-1200,28.7,2,25.2,437,601+,580,国民大学
Kuwait,1001-1200,28.4,19.3,5.1,439,417,601+,科威特大学
United Kingdom,1001-1200,11.2,23.6,6.9,601+,394,601+,利兹贝克特大学
Uganda,1001-1200,9.7,3.7,3.9,601+,601+,601+,马克雷雷大学
United States,1001-1200,3.6,2,25.8,601+,601+,569,马凯特大学
Japan,1001-1200,5.2,1.7,5.5,601+,601+,601+,明治大学
United States,1001-1200,22.2,2.3,9.3,514,601+,601+,迈阿密大学（俄亥俄）
United States,1001-1200,3.9,3.4,10.2,601+,601+,601+,密西西比州立大学
Malaysia,1001-1200,16.6,4.6,16.2,587,601+,601+,多媒体大学（MMU）
Iraq,1001-1200,4.2,3.6,30,601+,601+,528,穆斯林西里大学
Jordan,1001-1200,40.8,2.8,8.3,346,601+,601+,慕达大学
Japan,1001-1200,5.3,2,5.9,601+,601+,601+,名古屋工业大学 (NIT)
Taiwan,1001-1200,11,1.4,9.1,601+,601+,601+,国立东华大学
Taiwan,1001-1200,8.3,1.7,15,601+,601+,601+,台湾海洋大学
Ukraine,1001-1200,1.4,1.2,32.7,601+,601+,474,基辅-莫伊拉学院国立大学
Bangladesh,1001-1200,2.7,4.9,4.7,601+,601+,601+,南北大学
South Africa,1001-1200,3.2,1.5,8.2,601+,601+,601+,西北大学
United States,1001-1200,5,1.3,5.9,601+,601+,601+,北亚利桑那大学
India,1001-1200,7,,4,601+,-,601+,海得拉巴奥斯曼尼亚大学
United States,1001-1200,4.5,2,6.4,601+,601+,601+,俄亥俄大学
India,1001-1200,1.1,,4.6,601+,-,601+,班贾布大学
France,1001-1200,39.1,2,3.8,357,601+,601+,蒙彼利埃第三大学
Ecuador,1001-1200,1.5,7.4,12.6,601+,558,601+,厄瓜多尔天主教大学
Brazil,1001-1200,1.5,1.7,7.8,601+,601+,601+,里奥格兰德天主教大学
United States,1001-1200,8.1,1,9.8,601+,601+,601+,波特兰州立大学
South Korea,1001-1200,7.4,1.9,7.2,601+,601+,601+,釜庆大学
Japan,1001-1200,7.3,10.3,16.3,601+,508,601+,立教大学
United States,1001-1200,19.9,1.9,23.1,549,601+,601+,罗彻斯特理工大学 (RIT)
Russia,1001-1200,5.1,1.1,21,601+,601+,601+,俄罗斯国立人文大学RGGU
Russia,1001-1200,16.6,2.8,32.9,588,601+,469,圣彼得堡矿业大学
Japan,1001-1200,6.9,3.9,16.4,601+,601+,601+,埼玉大学
Kazakhstan,1001-1200,5.3,3.3,20.8,601+,601+,601+,哈萨克农业大学
United States,1001-1200,7.8,1.8,3.5,601+,601+,601+,圣地亚哥州立大学
South Korea,1001-1200,7.5,2.8,8.3,601+,601+,601+,国立首尔科学技术大学
"Iran, Islamic Republic of",1001-1200,1.9,1.1,4.7,601+,601+,601+,德黑兰沙希德·贝什蒂大学
China (Mainland),1001-1200,33.6,14.9,21.7,397,459,601+,上海外国语大学
United Kingdom,1001-1200,21,13.8,11.3,529,471,601+,谢菲尔德哈勒姆大学
Russia,1001-1200,13.2,32.8,10.1,601+,354,601+,西伯利亚联邦大学
Slovakia,1001-1200,3.1,3.1,19.7,601+,601+,601+,斯洛伐克农业大学，尼特拉
South Korea,1001-1200,1.7,2.2,25.2,601+,601+,579,淑明女子大学
Egypt,1001-1200,1.7,1.1,25.5,601+,601+,574,苏伊士运河大学
Saudi Arabia,1001-1200,2.7,99.5,5.5,601+,87,601+,泰拜大学
Estonia,1001-1200,23.7,24,8.1,493,392,601+,塔林大学
Poland,1001-1200,13.2,,19.4,601+,-,601+,卢布林技术大学
Indonesia,1001-1200,2.4,4.8,24,601+,601+,594,工程电信学院
India,1001-1200,1.9,1.9,8.7,601+,601+,601+,塔帕尔大学
Russia,1001-1200,44.3,1.1,30.8,321,601+,516,俄罗斯赫尔辛国立教育大学
Croatia,1001-1200,,,34.8,-,-,448,奥西耶克大学
Russia,1001-1200,46.9,1.2,30.3,303,601+,524,别尔哥罗德国立大学
Pakistan,1001-1200,2.3,1.3,14.8,601+,601+,601+,拉合尔大学
United Kingdom,1001-1200,89.4,24.2,9,114,391,601+,北安普顿大学
United States,1001-1200,23.3,1.6,5,497,601+,601+,德克萨斯大学阿灵顿大学
Japan,1001-1200,3.6,2.2,16.1,601+,601+,601+,东海大学（日本）
Czech Republic,1001-1200,22.5,7.8,16.7,510,554,601+,托马斯拔佳大学，兹林
Vietnam,1001-1200,1.9,46.1,8.4,601+,295,601+,孙德胜大学
Chile,1001-1200,2,2.7,5.7,601+,601+,601+,安德烈斯·贝洛大学 - UNAB
Chile,1001-1200,2.2,6.7,3.9,601+,578,601+,智利南方大学
Mexico,1001-1200,1.2,1.4,3,601+,601+,601+,新莱昂自治大学（UANL）
Ecuador,1001-1200,,,11.9,-,-,601+,厄瓜多尔中央大学
Colombia,1001-1200,1.4,1.9,5.2,601+,601+,601+,桑坦德工业大学
Venezuela,1001-1200,1.4,5.3,6.4,601+,601+,601+,委内瑞拉都会大学
Peru,1001-1200,2.5,1.9,20.3,601+,601+,601+,国立农业大学
Argentina,1001-1200,16.4,1.1,16.8,594,601+,601+,库约国立大学
Argentina,1001-1200,,,9.4,-,-,601+,马德普拉塔国立大学
Argentina,1001-1200,,,39.9,-,-,392,里奥夸尔托国立大学
Argentina,1001-1200,5.2,2.9,9.3,601+,601+,601+,圣马丁全国大学（UNSAM）
Paraguay,1001-1200,1.6,,22.6,601+,-,601+,亚松森国立大学
Costa Rica,1001-1200,2.9,3.8,16.9,601+,601+,601+,哥斯达黎加国立大学
Peru,1001-1200,2.4,4.4,4.8,601+,601+,601+,秘鲁应用科技大学
Spain,1001-1200,18.6,4,5.7,559,601+,601+,胡安卡洛斯国王大学
Cuba,1001-1200,5.3,1.4,18.8,601+,601+,601+,哈瓦那科技大学
Spain,1001-1200,4.4,1.2,18.3,601+,601+,601+,卡斯蒂利亚 - 拉曼恰大学
Colombia,1001-1200,,,2.9,-,-,601+,科尔多瓦大学
Chile,1001-1200,1.3,2.6,3.2,601+,601+,601+,拉弗龙特拉大学(UFRO)
Peru,1001-1200,2.2,1.7,5,601+,601+,601+,利马大学
Mexico,1001-1200,1.9,4.1,12.1,601+,601+,601+,蒙特雷大学
Puerto Rico,1001-1200,1.5,1.8,7.4,601+,601+,601+,波多黎各大学
Chile,1001-1200,1.4,9.4,6.3,601+,527,601+,塔尔卡大学
Chile,1001-1200,1.6,2.5,10.7,601+,601+,601+,瓦尔帕莱索大学
Chile,1001-1200,2,2.7,13.4,601+,601+,601+,德拉斯洛罗大学
Colombia,1001-1200,1.3,3.9,12.2,601+,601+,601+,城北大学
Peru,1001-1200,1.3,4.9,4.2,601+,601+,601+,太平洋大学
Brazil,1001-1200,1.7,2,14.3,601+,601+,601+,弗鲁米嫩塞联邦大学
Brazil,1001-1200,1.6,2,10.6,601+,601+,601+,巴伊亚联邦大学
Brazil,1001-1200,,,35.7,-,-,439,茹伊斯迪福拉联邦大学
Brazil,1001-1200,,,30.9,-,-,500,佩洛塔斯联邦大学
Brazil,1001-1200,2,1.4,15.8,601+,601+,601+,维索萨联邦大学
Brazil,1001-1200,1.5,1.4,13.7,601+,601+,601+,塞阿拉联邦大学（UFC）
Spain,1001-1200,4,1.2,11,601+,601+,601+,维戈大学
Brazil,1001-1200,1.2,1.6,18,601+,601+,601+,里约热内卢州立大学 (UERJ)
,1001-1200,3.5,1.6,3.7,601+,601+,601+,加布里埃莱·达嫩齐奥大学
Indonesia,1001-1200,1.8,2,8.6,601+,601+,601+,布拉维亚大学
Indonesia,1001-1200,1.9,2.3,11.1,601+,601+,601+,哈桑丁大学
Romania,1001-1200,6.1,1.1,5.7,601+,601+,601+,蒂米什瓦拉西部大学
Malaysia,1001-1200,4.4,5.5,7.3,601+,601+,601+,马来西亚沙巴大学（UMS）
Malaysia,1001-1200,7.9,19.7,13.5,601+,415,601+,马来西亚沙捞越大学（UNIMAS）
Malaysia,1001-1200,6.1,4.8,12.7,601+,601+,601+,马来西亚登嘉楼大学
Pakistan,1001-1200,1.1,1.6,1.6,601+,601+,601+,费萨拉巴德农业大学
United States,1001-1200,4.8,2.1,7.2,601+,601+,601+,阿肯色大学
Serbia,1001-1200,5.1,1.4,3.9,601+,601+,601+,贝尔格莱德大学
Poland,1001-1200,6.1,,32.5,601+,-,476,比亚韦斯托克大学
Romania,1001-1200,2.5,1.2,8.8,601+,601+,601+,布加勒斯特大学
Italy,1001-1200,3.6,2.5,3.3,601+,601+,601+,卡拉布里亚大学
Sri Lanka,1001-1200,1.3,1,3.2,601+,601+,601+,科伦坡大学
United Kingdom,1001-1200,41.7,14.1,14.3,338,467,601+,德比大学
Ghana,1001-1200,2,2,3.6,601+,601+,601+,加纳大学
China (Mainland),1001-1200,37,2.6,12.1,376,601+,601+,对外经济贸易大学
Pakistan,1001-1200,1.1,1.6,1.6,601+,601+,601+,卡拉奇大学
Iraq,1001-1200,1.1,1.8,35.3,601+,601+,442,库法大学
Latvia,1001-1200,8.9,6.2,5.3,601+,589,601+,拉脱维亚大学
Hungary,1001-1200,5.9,1.6,27.7,601+,601+,546,米什科尔茨大学
United States,1001-1200,2.4,1,16,601+,601+,601+,蒙大拿大学
India,1001-1200,1.1,1.2,1.6,601+,601+,601+,孟买大学
Kenya,1001-1200,,,15.4,-,-,601+,内罗毕大学
Serbia,1001-1200,7.3,,15.7,601+,-,601+,尼斯大学
United States,1001-1200,7.8,4.7,6.5,601+,601+,601+,北卡罗来纳大学夏洛特分校
United States,1001-1200,9.3,,4.2,601+,-,601+,北德克萨斯大学
Serbia,1001-1200,,,11,-,-,601+,诺维萨德大学
Czech Republic,1001-1200,14.5,8,23.4,601+,550,601+,俄斯特拉发大学
Czech Republic,1001-1200,7.9,,31,601+,-,496,帕尔杜比采大学
Sri Lanka,1001-1200,1.5,1,18.1,601+,601+,601+,佩拉德尼亚大学
United States,1001-1200,2.9,2.5,9.9,601+,601+,601+,罗德岛大学
Croatia,1001-1200,1.6,1.3,30.1,601+,601+,526,里耶卡大学
United States,1001-1200,10.5,1.2,23.5,601+,601+,601+,圣地亚哥大学
United States,1001-1200,27.4,1.3,14.6,446,601+,601+,旧金山大学
Poland,1001-1200,3.7,,13,601+,-,601+,西里西亚大学
United States,1001-1200,2.5,,18,601+,-,601+,南阿拉巴马大学
United States,1001-1200,9,2.4,5.9,601+,601+,601+,德克萨斯大学艾尔帕索分校
Czech Republic,1001-1200,,,14,-,-,601+,西波希米亚大学
United Kingdom,1001-1200,59.2,20.7,10,237,409,601+,伍尔弗汉普顿大学
United States,1001-1200,7.9,1.4,36.2,601+,601+,433,太平洋大学（加利福尼亚）
Australia,1001-1200,41.3,1.4,2.2,343,601+,601+,阳光海岸大学
South Africa,1001-1200,6.5,10.5,4.1,601+,504,601+,西开普大学
Italy,1001-1200,5.1,3.4,8.1,601+,601+,601+,图西亚大学
Germany,1001-1200,20.6,16.6,10.5,535,437,601+,锡根大学
France,1001-1200,32.4,10.3,1.7,408,509,601+,里昂第三大学
France,1001-1200,20.4,12.8,10,540,485,601+,里昂第二大学
France,1001-1200,1.6,3.6,3.2,601+,601+,601+,巴黎楠泰尔大学
France,1001-1200,33,,5.6,401,-,601+,普瓦捷大学
France,1001-1200,24.9,15.2,1.1,475,454,601+,图卢兹第二大学
United States,1001-1200,2,,6.8,601+,-,601+,犹他州立大学
Czech Republic,1001-1200,25.8,2.3,10.3,468,601+,601+,俄斯特拉发技术大学
India,1001-1200,2.6,5.9,9.8,601+,597,601+,维多利亚大学
Russia,1001-1200,36.1,1.5,26,381,601+,566,沃罗涅日州立大学
Poland,1001-1200,9.1,1.3,23.7,601+,601+,598,华沙生命科学大学
United States,1001-1200,12.4,6.7,10.5,601+,577,601+,西密歇根大学
South Korea,1001-1200,6.3,1.4,16,601+,601+,601+,灵山大学
Taiwan,1001-1200,8.1,2,6.5,601+,601+,601+,元智大学
Russia,1201+,15,1.1,11.8,601+,601+,601+,唐州技术大学
Turkey,1201+,1.1,1,4,601+,601+,601+,阿克登尼兹大学
Jordan,1201+,6.2,2.4,5,601+,601+,601+,阿尔巴尔卡应用大学
Romania,1201+,9.4,1.6,4.9,601+,601+,601+,亚历山德鲁伊万库扎大学
Japan,1201+,3.4,7,5.8,601+,570,601+,青山学院大学
Pakistan,1201+,1,,1.6,601+,-,601+,巴哈德丁扎卡里亚大学
"Palestinian Territory, Occupied",1201+,5,5.5,5.3,601+,601+,601+,比尔泽特大学
Turkey,1201+,5.6,1.4,3.4,601+,601+,601+,切库罗瓦大学
Syrian Arab Republic,1201+,1.7,1.7,1,601+,601+,601+,大马士革大学
Turkey,1201+,1.1,1.3,3.2,601+,601+,601+,杜库斯埃勒大学
Egypt,1201+,1.2,5.6,8.7,601+,601+,601+,德国大学，开罗
Vietnam,1201+,1.2,1.5,4.1,601+,601+,601+,河内科技大学
Egypt,1201+,2.2,1,5.1,601+,601+,601+,赫尔湾大学
South Korea,1201+,10,8.6,9.7,601+,536,601+,弘益大学
Mexico,1201+,1.4,1.5,,601+,601+,601+,瓜达拉哈拉耶稣会大学 ITESO
United States,1201+,3.6,1.2,7.6,601+,601+,601+,印第安纳州立大学
Japan,1201+,1.9,4.2,11.6,601+,601+,601+,近畿大学
Romania,1201+,2.5,1.1,7.3,601+,601+,601+,锡比乌大学
Russia,1201+,4,1.1,12.4,601+,601+,601+,俄罗斯技术大学（MIREA）
Egypt,1201+,3,1.2,4.1,601+,601+,601+,曼苏拉大学
Turkey,1201+,4.3,1.4,7.9,601+,601+,601+,马尔马拉大学
Russia,1201+,4,1.2,7.5,601+,601+,601+,莫斯科城市大学
Russia,1201+,25.1,1.1,9,472,601+,601+,莫斯科国立师范大学
Russia,1201+,33,2.2,11,402,601+,601+,国家研究型大学“莫斯科动力学院”
Taiwan,1201+,4.4,1.2,9.1,601+,601+,601+,国立台北大学
Brazil,1201+,1.8,1.1,4.2,601+,601+,601+,巴拉那天主教大学
Russia,1201+,6.3,1.1,12.7,601+,601+,601+,俄罗斯国立农业大学
India,1201+,2.1,1.1,12,601+,601+,601+,SRM大学
Turkey,1201+,11.6,1.1,2.4,601+,601+,601+,萨卡里亚大学
China (Mainland),1201+,4,2.3,11.8,601+,601+,601+,上海财经大学
Japan,1201+,14.7,4.4,2.4,601+,601+,601+,芝浦工业大学
Taiwan,1201+,4.7,1.7,5.6,601+,601+,601+,东吴大学（台湾）
China (Mainland),1201+,1.9,1.1,15.1,601+,601+,601+,西南大学
Romania,1201+,37.9,1.2,7.5,369,601+,601+,苏恰瓦大学
Sudan,1201+,2.1,1,5,601+,601+,601+,苏丹科技大学
Thailand,1201+,1.7,1.9,3.1,601+,601+,601+,泰国苏兰拉工业大学
Taiwan,1201+,11,2.5,3.4,601+,601+,601+,台湾淡江大学
Egypt,1201+,2.1,1,4.8,601+,601+,601+,坦达大学
Romania,1201+,2.7,1,8.7,601+,601+,601+,克卢日纳波卡技术大学
Romania,1201+,6,,2.6,601+,-,601+,格奥尔基·阿萨卡技术大学
Jordan,1201+,7.4,2.9,4.5,601+,601+,601+,哈希姆大学
Australia,1201+,2,1.4,2.9,601+,601+,601+,澳洲圣母大学
Kazakhstan,1201+,3.3,1.4,16.4,601+,601+,601+,巴甫洛达尔国立大学
Romania,1201+,2.1,1.3,7.1,601+,601+,601+,罗马尼亚布拉索夫特兰西瓦大学
Taiwan,1201+,16,4.3,5.9,599,601+,601+,东海大学
Mexico,1201+,1.1,1.2,5.9,601+,601+,601+,尤卡坦自治大学
Mexico,1201+,2.9,1.3,4.6,601+,601+,601+,南下加利福尼亚州自治大学
Chile,1201+,1.3,2.3,8.1,601+,601+,601+,智利大学
Mexico,1201+,1.7,2.1,8.8,601+,601+,601+,克雷塔罗自治大学
Mexico,1201+,1.5,1.1,6.5,601+,601+,601+,圣路易斯波托西自治大学
Mexico,1201+,1.2,1.3,9.8,601+,601+,601+,自治大学德尔斯卡德莫雷洛斯
Chile,1201+,2,2.4,10.4,601+,601+,601+,贝纳多奥希金斯大学
Bolivia,1201+,3.4,1.3,3.5,601+,601+,601+,玻利维亚大学
Colombia,1201+,1.3,1.8,5.9,601+,601+,601+,哥伦比亚天主教大学
Ecuador,1201+,1,1.6,2.5,601+,601+,601+,圣地亚哥瓜亚基尔天主教大学
Chile,1201+,2.4,5.7,6.2,601+,601+,601+,城北天主教大学
Bolivia,1201+,1.1,1.3,2.4,601+,601+,601+,圣安德烈市长大学
Honduras,1201+,,1.1,3.7,-,601+,601+,洪都拉斯国立自治大学（UNAH）
Argentina,1201+,2.1,1.4,3.6,601+,601+,601+,基尔梅斯国立大学
Argentina,1201+,,,3.2,-,-,601+,图库曼国立大学
Argentina,1201+,1.1,1.1,2.2,601+,601+,601+,德尔滨海国立大学
Argentina,1201+,,,9.6,-,-,601+,国立大学戴尔苏尔
Peru,1201+,1.6,1.5,1.9,601+,601+,601+,洛约拉大学 (USIL)
Colombia,1201+,1.3,2.6,3.4,601+,601+,601+,玻利瓦尔技术学院
Colombia,1201+,1,1.1,4.2,601+,601+,601+,佩雷拉科技大学
Mexico,1201+,1.8,2.4,9.4,601+,601+,601+,瓜纳华托大学
Colombia,1201+,1.6,1.5,5.9,601+,601+,601+,拉萨尔大学
Chile,1201+,1.4,3.2,1.9,601+,601+,601+,德拉塞雷纳大学
Colombia,1201+,2.3,1.5,5.5,601+,601+,601+,麦德林大学
Panama,1201+,3,1.3,4.9,601+,601+,601+,巴拿马大学（UP）
Mexico,1201+,1.7,1.5,5.5,601+,601+,601+,索诺拉大学
Ecuador,1201+,1.1,1.8,11.1,601+,601+,601+,厄瓜多尔军事理工学院
Chile,1201+,1.4,3.3,3.7,601+,601+,601+,比奥比奥大学
Argentina,1201+,7.8,,13.5,601+,-,601+,萨尔瓦多大学
Brazil,1201+,1.3,1.2,16.1,601+,601+,601+,隆德里纳州立大学
Brazil,1201+,1.3,1.3,14.5,601+,601+,601+,帕拉伊巴州联邦大学
Brazil,1201+,1.3,1.5,8.4,601+,601+,601+,戈亚斯州联邦大学
Brazil,1201+,1.4,1.3,13.1,601+,601+,601+,圣玛丽亚联邦大学
Indonesia,1201+,1.2,1,5.4,601+,601+,601+,安达拉斯大学
Indonesia,1201+,1.2,1.1,6.6,601+,601+,601+,梭罗大学
Indonesia,1201+,1.5,3.4,11.2,601+,601+,601+,马凯特大学
Indonesia,1201+,2.3,1.2,15.7,601+,601+,601+,北苏门答腊大学
Romania,1201+,3.2,1.1,4.8,601+,601+,601+,布加勒斯特理工大学
Romania,1201+,2.1,1,10.6,601+,601+,601+,蒂米什瓦拉理工大学
Iraq,1201+,1,1,16.6,601+,601+,601+,巴比伦大学
Iraq,1201+,,1,12.6,-,601+,601+,巴士拉大学
Sudan,1201+,1.7,,12,601+,-,601+,喀土穆大学
Serbia,1201+,1.1,1,16.8,601+,601+,601+,克拉古耶瓦茨大学
Bosnia and Herzegovina,1201+,3.5,,4.3,601+,-,601+,萨拉热窝大学
Croatia,1201+,2.6,1.7,3,601+,601+,601+,斯普利特大学
Italy,1201+,7.8,5.9,3.9,601+,598,601+,贝尔加莫大学
Morocco,1201+,2.4,,4.2,601+,-,601+,穆罕默德大学 - 阿格达尔大学
France,1201+,8.2,3.3,6.9,601+,601+,601+,卡昂大学
Tunisia,1201+,,,19.1,-,-,601+,突尼斯大学
Tunisia,1201+,1.9,1.2,14.5,601+,601+,601+,突尼斯萨尔瓦多马纳尔大学
Jordan,1201+,11,1.2,1.9,601+,601+,601+,耶尔穆克大学
Turkey,1201+,8.9,1.1,6.1,601+,601+,601+,伊尔第兹技术大学
Egypt,1201+,1.9,1,3.4,601+,601+,601+,萨格吉奇大学
